2500,1000000,0.36,0,0.9708
2500,1000000,0.36,500,0.7888
2500,1000000,0.36,1000,0.764
2500,1000000,0.36,1500,0.792
2500,1000000,0.36,2000,0.7928
2500,1000000,0.36,2500,0.7632
2500,1000000,0.36,3000,0.786
2500,1000000,0.36,3500,0.7264
2500,1000000,0.36,4000,0.7268
2500,1000000,0.36,4500,0.7672
2500,1000000,0.36,5000,0.7612
2500,1000000,0.36,5500,0.786
2500,1000000,0.36,6000,0.7924
2500,1000000,0.36,6500,0.81
2500,1000000,0.36,7000,0.8104
2500,1000000,0.36,7500,0.7872
2500,1000000,0.36,8000,0.7452
2500,1000000,0.36,8500,0.7572
2500,1000000,0.36,9000,0.7592
2500,1000000,0.36,9500,0.7964
2500,1000000,0.36,10000,0.7812
2500,1000000,0.36,10500,0.77
2500,1000000,0.36,11000,0.7516
2500,1000000,0.36,11500,0.7792
2500,1000000,0.36,12000,0.7844
2500,1000000,0.36,12500,0.7716
2500,1000000,0.36,13000,0.7864
2500,1000000,0.36,13500,0.7644
2500,1000000,0.36,14000,0.7752
2500,1000000,0.36,14500,0.8016
2500,1000000,0.36,15000,0.7452
2500,1000000,0.36,15500,0.8004
2500,1000000,0.36,16000,0.7884
2500,1000000,0.36,16500,0.7664
2500,1000000,0.36,17000,0.7932
2500,1000000,0.36,17500,0.7352
2500,1000000,0.36,18000,0.7212
2500,1000000,0.36,18500,0.76
2500,1000000,0.36,19000,0.7684
2500,1000000,0.36,19500,0.7408
2500,1000000,0.36,20000,0.7668
2500,1000000,0.36,20500,0.7384
2500,1000000,0.36,21000,0.782
2500,1000000,0.36,21500,0.7476
2500,1000000,0.36,22000,0.7436
2500,1000000,0.36,22500,0.7724
2500,1000000,0.36,23000,0.7416
2500,1000000,0.36,23500,0.7804
2500,1000000,0.36,24000,0.7532
2500,1000000,0.36,24500,0.7752
2500,1000000,0.36,25000,0.7564
2500,1000000,0.36,25500,0.7876
2500,1000000,0.36,26000,0.7912
2500,1000000,0.36,26500,0.778
2500,1000000,0.36,27000,0.7856
2500,1000000,0.36,27500,0.7936
2500,1000000,0.36,28000,0.766
2500,1000000,0.36,28500,0.7816
2500,1000000,0.36,29000,0.7708
2500,1000000,0.36,29500,0.7876
2500,1000000,0.36,30000,0.798
2500,1000000,0.36,30500,0.6992
2500,1000000,0.36,31000,0.7444
2500,1000000,0.36,31500,0.7652
2500,1000000,0.36,32000,0.798
2500,1000000,0.36,32500,0.7584
2500,1000000,0.36,33000,0.8192
2500,1000000,0.36,33500,0.758
2500,1000000,0.36,34000,0.7428
2500,1000000,0.36,34500,0.7772
2500,1000000,0.36,35000,0.76
2500,1000000,0.36,35500,0.7868
2500,1000000,0.36,36000,0.7876
2500,1000000,0.36,36500,0.7904
2500,1000000,0.36,37000,0.7652
2500,1000000,0.36,37500,0.778
2500,1000000,0.36,38000,0.7568
2500,1000000,0.36,38500,0.7664
2500,1000000,0.36,39000,0.7696
2500,1000000,0.36,39500,0.7516
2500,1000000,0.36,40000,0.7488
2500,1000000,0.36,40500,0.7456
2500,1000000,0.36,41000,0.796
2500,1000000,0.36,41500,0.7412
2500,1000000,0.36,42000,0.7604
2500,1000000,0.36,42500,0.798
2500,1000000,0.36,43000,0.766
2500,1000000,0.36,43500,0.7684
2500,1000000,0.36,44000,0.7636
2500,1000000,0.36,44500,0.7744
2500,1000000,0.36,45000,0.7516
2500,1000000,0.36,45500,0.8196
2500,1000000,0.36,46000,0.7724
2500,1000000,0.36,46500,0.778
2500,1000000,0.36,47000,0.79
2500,1000000,0.36,47500,0.7512
2500,1000000,0.36,48000,0.7644
2500,1000000,0.36,48500,0.7636
2500,1000000,0.36,49000,0.7504
2500,1000000,0.36,49500,0.7664
2500,1000000,0.36,50000,0.7504
2500,1000000,0.36,50500,0.762
2500,1000000,0.36,51000,0.79
2500,1000000,0.36,51500,0.774
2500,1000000,0.36,52000,0.7676
2500,1000000,0.36,52500,0.7928
2500,1000000,0.36,53000,0.7576
2500,1000000,0.36,53500,0.7784
2500,1000000,0.36,54000,0.7856
2500,1000000,0.36,54500,0.8128
2500,1000000,0.36,55000,0.8108
2500,1000000,0.36,55500,0.7768
2500,1000000,0.36,56000,0.8
2500,1000000,0.36,56500,0.76
2500,1000000,0.36,57000,0.7688
2500,1000000,0.36,57500,0.7892
2500,1000000,0.36,58000,0.8048
2500,1000000,0.36,58500,0.7916
2500,1000000,0.36,59000,0.7688
2500,1000000,0.36,59500,0.772
2500,1000000,0.36,60000,0.7768
2500,1000000,0.36,60500,0.7896
2500,1000000,0.36,61000,0.7332
2500,1000000,0.36,61500,0.7784
2500,1000000,0.36,62000,0.7436
2500,1000000,0.36,62500,0.7788
2500,1000000,0.36,63000,0.774
2500,1000000,0.36,63500,0.7652
2500,1000000,0.36,64000,0.7504
2500,1000000,0.36,64500,0.7912
2500,1000000,0.36,65000,0.782
2500,1000000,0.36,65500,0.7676
2500,1000000,0.36,66000,0.7868
2500,1000000,0.36,66500,0.8048
2500,1000000,0.36,67000,0.7456
2500,1000000,0.36,67500,0.7448
2500,1000000,0.36,68000,0.7396
2500,1000000,0.36,68500,0.7544
2500,1000000,0.36,69000,0.7932
2500,1000000,0.36,69500,0.7676
2500,1000000,0.36,70000,0.7664
2500,1000000,0.36,70500,0.7748
2500,1000000,0.36,71000,0.756
2500,1000000,0.36,71500,0.7848
2500,1000000,0.36,72000,0.7596
2500,1000000,0.36,72500,0.7672
2500,1000000,0.36,73000,0.7576
2500,1000000,0.36,73500,0.7556
2500,1000000,0.36,74000,0.7428
2500,1000000,0.36,74500,0.796
2500,1000000,0.36,75000,0.7732
2500,1000000,0.36,75500,0.7688
2500,1000000,0.36,76000,0.764
2500,1000000,0.36,76500,0.7836
2500,1000000,0.36,77000,0.7688
2500,1000000,0.36,77500,0.7768
2500,1000000,0.36,78000,0.7564
2500,1000000,0.36,78500,0.752
2500,1000000,0.36,79000,0.7588
2500,1000000,0.36,79500,0.7744
2500,1000000,0.36,80000,0.7912
2500,1000000,0.36,80500,0.6876
2500,1000000,0.36,81000,0.7692
2500,1000000,0.36,81500,0.75
2500,1000000,0.36,82000,0.7672
2500,1000000,0.36,82500,0.7832
2500,1000000,0.36,83000,0.7716
2500,1000000,0.36,83500,0.7672
2500,1000000,0.36,84000,0.7444
2500,1000000,0.36,84500,0.7684
2500,1000000,0.36,85000,0.7384
2500,1000000,0.36,85500,0.7724
2500,1000000,0.36,86000,0.7624
2500,1000000,0.36,86500,0.7448
2500,1000000,0.36,87000,0.7824
2500,1000000,0.36,87500,0.7228
2500,1000000,0.36,88000,0.8172
2500,1000000,0.36,88500,0.7796
2500,1000000,0.36,89000,0.7708
2500,1000000,0.36,89500,0.7664
2500,1000000,0.36,90000,0.7836
2500,1000000,0.36,90500,0.7732
2500,1000000,0.36,91000,0.72
2500,1000000,0.36,91500,0.7732
2500,1000000,0.36,92000,0.7696
2500,1000000,0.36,92500,0.7336
2500,1000000,0.36,93000,0.7704
2500,1000000,0.36,93500,0.7512
2500,1000000,0.36,94000,0.7908
2500,1000000,0.36,94500,0.7732
2500,1000000,0.36,95000,0.7676
2500,1000000,0.36,95500,0.7776
2500,1000000,0.36,96000,0.7524
2500,1000000,0.36,96500,0.7656
2500,1000000,0.36,97000,0.7512
2500,1000000,0.36,97500,0.7868
2500,1000000,0.36,98000,0.784
2500,1000000,0.36,98500,0.7636
2500,1000000,0.36,99000,0.7504
2500,1000000,0.36,99500,0.76
2500,1000000,0.36,100000,0.7488
2500,1000000,0.36,100500,0.7984
2500,1000000,0.36,101000,0.7956
2500,1000000,0.36,101500,0.762
2500,1000000,0.36,102000,0.7748
2500,1000000,0.36,102500,0.7756
2500,1000000,0.36,103000,0.7912
2500,1000000,0.36,103500,0.7408
2500,1000000,0.36,104000,0.7808
2500,1000000,0.36,104500,0.754
2500,1000000,0.36,105000,0.7448
2500,1000000,0.36,105500,0.7744
2500,1000000,0.36,106000,0.7768
2500,1000000,0.36,106500,0.784
2500,1000000,0.36,107000,0.7424
2500,1000000,0.36,107500,0.7636
2500,1000000,0.36,108000,0.7576
2500,1000000,0.36,108500,0.7856
2500,1000000,0.36,109000,0.806
2500,1000000,0.36,109500,0.7696
2500,1000000,0.36,110000,0.7476
2500,1000000,0.36,110500,0.7792
2500,1000000,0.36,111000,0.772
2500,1000000,0.36,111500,0.7424
2500,1000000,0.36,112000,0.7556
2500,1000000,0.36,112500,0.7652
2500,1000000,0.36,113000,0.766
2500,1000000,0.36,113500,0.7356
2500,1000000,0.36,114000,0.7296
2500,1000000,0.36,114500,0.7568
2500,1000000,0.36,115000,0.7756
2500,1000000,0.36,115500,0.7592
2500,1000000,0.36,116000,0.7988
2500,1000000,0.36,116500,0.7736
2500,1000000,0.36,117000,0.764
2500,1000000,0.36,117500,0.8168
2500,1000000,0.36,118000,0.7972
2500,1000000,0.36,118500,0.7556
2500,1000000,0.36,119000,0.7596
2500,1000000,0.36,119500,0.7972
2500,1000000,0.36,120000,0.7592
2500,1000000,0.36,120500,0.7492
2500,1000000,0.36,121000,0.7996
2500,1000000,0.36,121500,0.7628
2500,1000000,0.36,122000,0.78
2500,1000000,0.36,122500,0.7656
2500,1000000,0.36,123000,0.7676
2500,1000000,0.36,123500,0.7996
2500,1000000,0.36,124000,0.7396
2500,1000000,0.36,124500,0.7788
2500,1000000,0.36,125000,0.734
2500,1000000,0.36,125500,0.774
2500,1000000,0.36,126000,0.76
2500,1000000,0.36,126500,0.754
2500,1000000,0.36,127000,0.7772
2500,1000000,0.36,127500,0.7904
2500,1000000,0.36,128000,0.8272
2500,1000000,0.36,128500,0.7516
2500,1000000,0.36,129000,0.7712
2500,1000000,0.36,129500,0.7928
2500,1000000,0.36,130000,0.7588
2500,1000000,0.36,130500,0.7276
2500,1000000,0.36,131000,0.7716
2500,1000000,0.36,131500,0.7644
2500,1000000,0.36,132000,0.7608
2500,1000000,0.36,132500,0.758
2500,1000000,0.36,133000,0.776
2500,1000000,0.36,133500,0.7796
2500,1000000,0.36,134000,0.8084
2500,1000000,0.36,134500,0.7508
2500,1000000,0.36,135000,0.7964
2500,1000000,0.36,135500,0.8044
2500,1000000,0.36,136000,0.7728
2500,1000000,0.36,136500,0.7684
2500,1000000,0.36,137000,0.794
2500,1000000,0.36,137500,0.7796
2500,1000000,0.36,138000,0.7748
2500,1000000,0.36,138500,0.7564
2500,1000000,0.36,139000,0.7564
2500,1000000,0.36,139500,0.7572
2500,1000000,0.36,140000,0.7664
2500,1000000,0.36,140500,0.782
2500,1000000,0.36,141000,0.778
2500,1000000,0.36,141500,0.7804
2500,1000000,0.36,142000,0.788
2500,1000000,0.36,142500,0.7968
2500,1000000,0.36,143000,0.7884
2500,1000000,0.36,143500,0.7884
2500,1000000,0.36,144000,0.7772
2500,1000000,0.36,144500,0.7804
2500,1000000,0.36,145000,0.7688
2500,1000000,0.36,145500,0.7504
2500,1000000,0.36,146000,0.7672
2500,1000000,0.36,146500,0.8084
2500,1000000,0.36,147000,0.7844
2500,1000000,0.36,147500,0.7844
2500,1000000,0.36,148000,0.7552
2500,1000000,0.36,148500,0.7836
2500,1000000,0.36,149000,0.7792
2500,1000000,0.36,149500,0.7964
2500,1000000,0.36,150000,0.7872
2500,1000000,0.36,150500,0.7876
2500,1000000,0.36,151000,0.7856
2500,1000000,0.36,151500,0.7532
2500,1000000,0.36,152000,0.786
2500,1000000,0.36,152500,0.7664
2500,1000000,0.36,153000,0.7908
2500,1000000,0.36,153500,0.8084
2500,1000000,0.36,154000,0.7552
2500,1000000,0.36,154500,0.7832
2500,1000000,0.36,155000,0.7768
2500,1000000,0.36,155500,0.7784
2500,1000000,0.36,156000,0.7868
2500,1000000,0.36,156500,0.7708
2500,1000000,0.36,157000,0.7636
2500,1000000,0.36,157500,0.7172
2500,1000000,0.36,158000,0.7632
2500,1000000,0.36,158500,0.76
2500,1000000,0.36,159000,0.7712
2500,1000000,0.36,159500,0.7508
2500,1000000,0.36,160000,0.7972
2500,1000000,0.36,160500,0.7792
2500,1000000,0.36,161000,0.762
2500,1000000,0.36,161500,0.7736
2500,1000000,0.36,162000,0.7696
2500,1000000,0.36,162500,0.7648
2500,1000000,0.36,163000,0.7324
2500,1000000,0.36,163500,0.7884
2500,1000000,0.36,164000,0.7672
2500,1000000,0.36,164500,0.7916
2500,1000000,0.36,165000,0.7512
2500,1000000,0.36,165500,0.7544
2500,1000000,0.36,166000,0.772
2500,1000000,0.36,166500,0.7396
2500,1000000,0.36,167000,0.7184
2500,1000000,0.36,167500,0.7564
2500,1000000,0.36,168000,0.7824
2500,1000000,0.36,168500,0.7332
2500,1000000,0.36,169000,0.7452
2500,1000000,0.36,169500,0.7608
2500,1000000,0.36,170000,0.7608
2500,1000000,0.36,170500,0.7652
2500,1000000,0.36,171000,0.7644
2500,1000000,0.36,171500,0.7408
2500,1000000,0.36,172000,0.7528
2500,1000000,0.36,172500,0.7416
2500,1000000,0.36,173000,0.7188
2500,1000000,0.36,173500,0.7808
2500,1000000,0.36,174000,0.7924
2500,1000000,0.36,174500,0.7696
2500,1000000,0.36,175000,0.7552
2500,1000000,0.36,175500,0.7636
2500,1000000,0.36,176000,0.7732
2500,1000000,0.36,176500,0.7612
2500,1000000,0.36,177000,0.784
2500,1000000,0.36,177500,0.7616
2500,1000000,0.36,178000,0.7656
2500,1000000,0.36,178500,0.8092
2500,1000000,0.36,179000,0.7748
2500,1000000,0.36,179500,0.786
2500,1000000,0.36,180000,0.8044
2500,1000000,0.36,180500,0.7864
2500,1000000,0.36,181000,0.7636
2500,1000000,0.36,181500,0.8104
2500,1000000,0.36,182000,0.7744
2500,1000000,0.36,182500,0.786
2500,1000000,0.36,183000,0.81
2500,1000000,0.36,183500,0.762
2500,1000000,0.36,184000,0.7828
2500,1000000,0.36,184500,0.7548
2500,1000000,0.36,185000,0.7608
2500,1000000,0.36,185500,0.7776
2500,1000000,0.36,186000,0.804
2500,1000000,0.36,186500,0.7372
2500,1000000,0.36,187000,0.7844
2500,1000000,0.36,187500,0.7168
2500,1000000,0.36,188000,0.7936
2500,1000000,0.36,188500,0.768
2500,1000000,0.36,189000,0.7676
2500,1000000,0.36,189500,0.808
2500,1000000,0.36,190000,0.7876
2500,1000000,0.36,190500,0.7536
2500,1000000,0.36,191000,0.786
2500,1000000,0.36,191500,0.7624
2500,1000000,0.36,192000,0.7748
2500,1000000,0.36,192500,0.782
2500,1000000,0.36,193000,0.746
2500,1000000,0.36,193500,0.7256
2500,1000000,0.36,194000,0.7812
2500,1000000,0.36,194500,0.734
2500,1000000,0.36,195000,0.73
2500,1000000,0.36,195500,0.7372
2500,1000000,0.36,196000,0.7436
2500,1000000,0.36,196500,0.75
2500,1000000,0.36,197000,0.7692
2500,1000000,0.36,197500,0.7692
2500,1000000,0.36,198000,0.7788
2500,1000000,0.36,198500,0.7348
2500,1000000,0.36,199000,0.7408
2500,1000000,0.36,199500,0.8136
2500,1000000,0.36,200000,0.7664
2500,1000000,0.36,200500,0.7644
2500,1000000,0.36,201000,0.766
2500,1000000,0.36,201500,0.7508
2500,1000000,0.36,202000,0.782
2500,1000000,0.36,202500,0.7732
2500,1000000,0.36,203000,0.7672
2500,1000000,0.36,203500,0.7212
2500,1000000,0.36,204000,0.7796
2500,1000000,0.36,204500,0.7752
2500,1000000,0.36,205000,0.7504
2500,1000000,0.36,205500,0.7964
2500,1000000,0.36,206000,0.744
2500,1000000,0.36,206500,0.7452
2500,1000000,0.36,207000,0.7824
2500,1000000,0.36,207500,0.79
2500,1000000,0.36,208000,0.7816
2500,1000000,0.36,208500,0.7128
2500,1000000,0.36,209000,0.7664
2500,1000000,0.36,209500,0.742
2500,1000000,0.36,210000,0.7916
2500,1000000,0.36,210500,0.7708
2500,1000000,0.36,211000,0.7908
2500,1000000,0.36,211500,0.7936
2500,1000000,0.36,212000,0.7244
2500,1000000,0.36,212500,0.742
2500,1000000,0.36,213000,0.726
2500,1000000,0.36,213500,0.7888
2500,1000000,0.36,214000,0.7696
2500,1000000,0.36,214500,0.788
2500,1000000,0.36,215000,0.7676
2500,1000000,0.36,215500,0.7976
2500,1000000,0.36,216000,0.7528
2500,1000000,0.36,216500,0.7696
2500,1000000,0.36,217000,0.7536
2500,1000000,0.36,217500,0.7412
2500,1000000,0.36,218000,0.7644
2500,1000000,0.36,218500,0.7704
2500,1000000,0.36,219000,0.7816
2500,1000000,0.36,219500,0.7304
2500,1000000,0.36,220000,0.7548
2500,1000000,0.36,220500,0.8344
2500,1000000,0.36,221000,0.7832
2500,1000000,0.36,221500,0.7704
2500,1000000,0.36,222000,0.7888
2500,1000000,0.36,222500,0.7524
2500,1000000,0.36,223000,0.8104
2500,1000000,0.36,223500,0.7712
2500,1000000,0.36,224000,0.7856
2500,1000000,0.36,224500,0.7812
2500,1000000,0.36,225000,0.7788
2500,1000000,0.36,225500,0.7544
2500,1000000,0.36,226000,0.7624
2500,1000000,0.36,226500,0.768
2500,1000000,0.36,227000,0.8
2500,1000000,0.36,227500,0.8076
2500,1000000,0.36,228000,0.7716
2500,1000000,0.36,228500,0.7716
2500,1000000,0.36,229000,0.7876
2500,1000000,0.36,229500,0.7984
2500,1000000,0.36,230000,0.736
2500,1000000,0.36,230500,0.7816
2500,1000000,0.36,231000,0.8012
2500,1000000,0.36,231500,0.7636
2500,1000000,0.36,232000,0.7644
2500,1000000,0.36,232500,0.7828
2500,1000000,0.36,233000,0.7848
2500,1000000,0.36,233500,0.7504
2500,1000000,0.36,234000,0.7628
2500,1000000,0.36,234500,0.7884
2500,1000000,0.36,235000,0.7356
2500,1000000,0.36,235500,0.7828
2500,1000000,0.36,236000,0.7732
2500,1000000,0.36,236500,0.7348
2500,1000000,0.36,237000,0.7772
2500,1000000,0.36,237500,0.7676
2500,1000000,0.36,238000,0.7616
2500,1000000,0.36,238500,0.744
2500,1000000,0.36,239000,0.7532
2500,1000000,0.36,239500,0.768
2500,1000000,0.36,240000,0.7664
2500,1000000,0.36,240500,0.782
2500,1000000,0.36,241000,0.7672
2500,1000000,0.36,241500,0.7808
2500,1000000,0.36,242000,0.7812
2500,1000000,0.36,242500,0.8144
2500,1000000,0.36,243000,0.768
2500,1000000,0.36,243500,0.74
2500,1000000,0.36,244000,0.7572
2500,1000000,0.36,244500,0.8024
2500,1000000,0.36,245000,0.7668
2500,1000000,0.36,245500,0.7672
2500,1000000,0.36,246000,0.782
2500,1000000,0.36,246500,0.738
2500,1000000,0.36,247000,0.7356
2500,1000000,0.36,247500,0.7672
2500,1000000,0.36,248000,0.7696
2500,1000000,0.36,248500,0.7304
2500,1000000,0.36,249000,0.7432
2500,1000000,0.36,249500,0.7416
2500,1000000,0.36,250000,0.7944
2500,1000000,0.36,250500,0.7976
2500,1000000,0.36,251000,0.7768
2500,1000000,0.36,251500,0.7624
2500,1000000,0.36,252000,0.7924
2500,1000000,0.36,252500,0.7868
2500,1000000,0.36,253000,0.742
2500,1000000,0.36,253500,0.7656
2500,1000000,0.36,254000,0.7664
2500,1000000,0.36,254500,0.772
2500,1000000,0.36,255000,0.7656
2500,1000000,0.36,255500,0.7804
2500,1000000,0.36,256000,0.7692
2500,1000000,0.36,256500,0.7636
2500,1000000,0.36,257000,0.756
2500,1000000,0.36,257500,0.752
2500,1000000,0.36,258000,0.7664
2500,1000000,0.36,258500,0.762
2500,1000000,0.36,259000,0.778
2500,1000000,0.36,259500,0.7744
2500,1000000,0.36,260000,0.744
2500,1000000,0.36,260500,0.7756
2500,1000000,0.36,261000,0.8004
2500,1000000,0.36,261500,0.7488
2500,1000000,0.36,262000,0.758
2500,1000000,0.36,262500,0.7988
2500,1000000,0.36,263000,0.7604
2500,1000000,0.36,263500,0.7444
2500,1000000,0.36,264000,0.7788
2500,1000000,0.36,264500,0.7796
2500,1000000,0.36,265000,0.8028
2500,1000000,0.36,265500,0.7644
2500,1000000,0.36,266000,0.7556
2500,1000000,0.36,266500,0.7692
2500,1000000,0.36,267000,0.8148
2500,1000000,0.36,267500,0.7508
2500,1000000,0.36,268000,0.7172
2500,1000000,0.36,268500,0.7724
2500,1000000,0.36,269000,0.7788
2500,1000000,0.36,269500,0.7952
2500,1000000,0.36,270000,0.7576
2500,1000000,0.36,270500,0.7648
2500,1000000,0.36,271000,0.778
2500,1000000,0.36,271500,0.764
2500,1000000,0.36,272000,0.7536
2500,1000000,0.36,272500,0.7404
2500,1000000,0.36,273000,0.7784
2500,1000000,0.36,273500,0.7652
2500,1000000,0.36,274000,0.776
2500,1000000,0.36,274500,0.7692
2500,1000000,0.36,275000,0.7752
2500,1000000,0.36,275500,0.7652
2500,1000000,0.36,276000,0.7828
2500,1000000,0.36,276500,0.7404
2500,1000000,0.36,277000,0.78
2500,1000000,0.36,277500,0.762
2500,1000000,0.36,278000,0.7736
2500,1000000,0.36,278500,0.742
2500,1000000,0.36,279000,0.7572
2500,1000000,0.36,279500,0.7988
2500,1000000,0.36,280000,0.7764
2500,1000000,0.36,280500,0.7824
2500,1000000,0.36,281000,0.7712
2500,1000000,0.36,281500,0.7376
2500,1000000,0.36,282000,0.7584
2500,1000000,0.36,282500,0.758
2500,1000000,0.36,283000,0.7772
2500,1000000,0.36,283500,0.7908
2500,1000000,0.36,284000,0.7576
2500,1000000,0.36,284500,0.768
2500,1000000,0.36,285000,0.726
2500,1000000,0.36,285500,0.7708
2500,1000000,0.36,286000,0.7572
2500,1000000,0.36,286500,0.7776
2500,1000000,0.36,287000,0.7704
2500,1000000,0.36,287500,0.7628
2500,1000000,0.36,288000,0.7596
2500,1000000,0.36,288500,0.7616
2500,1000000,0.36,289000,0.792
2500,1000000,0.36,289500,0.8168
2500,1000000,0.36,290000,0.7632
2500,1000000,0.36,290500,0.7484
2500,1000000,0.36,291000,0.7596
2500,1000000,0.36,291500,0.7984
2500,1000000,0.36,292000,0.756
2500,1000000,0.36,292500,0.794
2500,1000000,0.36,293000,0.7708
2500,1000000,0.36,293500,0.798
2500,1000000,0.36,294000,0.7772
2500,1000000,0.36,294500,0.7644
2500,1000000,0.36,295000,0.7508
2500,1000000,0.36,295500,0.7028
2500,1000000,0.36,296000,0.8084
2500,1000000,0.36,296500,0.7756
2500,1000000,0.36,297000,0.7456
2500,1000000,0.36,297500,0.788
2500,1000000,0.36,298000,0.7764
2500,1000000,0.36,298500,0.7532
2500,1000000,0.36,299000,0.7608
2500,1000000,0.36,299500,0.7744
2500,1000000,0.36,300000,0.7652
2500,1000000,0.36,300500,0.7548
2500,1000000,0.36,301000,0.7388
2500,1000000,0.36,301500,0.7416
2500,1000000,0.36,302000,0.7864
2500,1000000,0.36,302500,0.7456
2500,1000000,0.36,303000,0.7952
2500,1000000,0.36,303500,0.752
2500,1000000,0.36,304000,0.7652
2500,1000000,0.36,304500,0.8032
2500,1000000,0.36,305000,0.7408
2500,1000000,0.36,305500,0.7544
2500,1000000,0.36,306000,0.7548
2500,1000000,0.36,306500,0.7148
2500,1000000,0.36,307000,0.764
2500,1000000,0.36,307500,0.7684
2500,1000000,0.36,308000,0.7272
2500,1000000,0.36,308500,0.8028
2500,1000000,0.36,309000,0.7284
2500,1000000,0.36,309500,0.6796
2500,1000000,0.36,310000,0.77
2500,1000000,0.36,310500,0.7972
2500,1000000,0.36,311000,0.7872
2500,1000000,0.36,311500,0.7312
2500,1000000,0.36,312000,0.704
2500,1000000,0.36,312500,0.7364
2500,1000000,0.36,313000,0.7708
2500,1000000,0.36,313500,0.7588
2500,1000000,0.36,314000,0.7212
2500,1000000,0.36,314500,0.7412
2500,1000000,0.36,315000,0.7908
2500,1000000,0.36,315500,0.7788
2500,1000000,0.36,316000,0.776
2500,1000000,0.36,316500,0.804
2500,1000000,0.36,317000,0.7692
2500,1000000,0.36,317500,0.788
2500,1000000,0.36,318000,0.784
2500,1000000,0.36,318500,0.7428
2500,1000000,0.36,319000,0.7656
2500,1000000,0.36,319500,0.7604
2500,1000000,0.36,320000,0.7744
2500,1000000,0.36,320500,0.7652
2500,1000000,0.36,321000,0.7484
2500,1000000,0.36,321500,0.778
2500,1000000,0.36,322000,0.7088
2500,1000000,0.36,322500,0.7712
2500,1000000,0.36,323000,0.8068
2500,1000000,0.36,323500,0.7896
2500,1000000,0.36,324000,0.748
2500,1000000,0.36,324500,0.738
2500,1000000,0.36,325000,0.7268
2500,1000000,0.36,325500,0.7664
2500,1000000,0.36,326000,0.7648
2500,1000000,0.36,326500,0.786
2500,1000000,0.36,327000,0.768
2500,1000000,0.36,327500,0.7276
2500,1000000,0.36,328000,0.7524
2500,1000000,0.36,328500,0.732
2500,1000000,0.36,329000,0.7936
2500,1000000,0.36,329500,0.7428
2500,1000000,0.36,330000,0.7688
2500,1000000,0.36,330500,0.776
2500,1000000,0.36,331000,0.8052
2500,1000000,0.36,331500,0.77
2500,1000000,0.36,332000,0.7928
2500,1000000,0.36,332500,0.724
2500,1000000,0.36,333000,0.7804
2500,1000000,0.36,333500,0.8008
2500,1000000,0.36,334000,0.7988
2500,1000000,0.36,334500,0.7524
2500,1000000,0.36,335000,0.774
2500,1000000,0.36,335500,0.7888
2500,1000000,0.36,336000,0.7804
2500,1000000,0.36,336500,0.788
2500,1000000,0.36,337000,0.758
2500,1000000,0.36,337500,0.774
2500,1000000,0.36,338000,0.7548
2500,1000000,0.36,338500,0.7668
2500,1000000,0.36,339000,0.746
2500,1000000,0.36,339500,0.7748
2500,1000000,0.36,340000,0.7636
2500,1000000,0.36,340500,0.7784
2500,1000000,0.36,341000,0.7612
2500,1000000,0.36,341500,0.7504
2500,1000000,0.36,342000,0.804
2500,1000000,0.36,342500,0.742
2500,1000000,0.36,343000,0.7552
2500,1000000,0.36,343500,0.7736
2500,1000000,0.36,344000,0.7832
2500,1000000,0.36,344500,0.7448
2500,1000000,0.36,345000,0.77
2500,1000000,0.36,345500,0.7912
2500,1000000,0.36,346000,0.7516
2500,1000000,0.36,346500,0.7664
2500,1000000,0.36,347000,0.7696
2500,1000000,0.36,347500,0.7416
2500,1000000,0.36,348000,0.7616
2500,1000000,0.36,348500,0.7652
2500,1000000,0.36,349000,0.776
2500,1000000,0.36,349500,0.788
2500,1000000,0.36,350000,0.7664
2500,1000000,0.36,350500,0.7232
2500,1000000,0.36,351000,0.7744
2500,1000000,0.36,351500,0.8064
2500,1000000,0.36,352000,0.7468
2500,1000000,0.36,352500,0.8096
2500,1000000,0.36,353000,0.7476
2500,1000000,0.36,353500,0.7784
2500,1000000,0.36,354000,0.7852
2500,1000000,0.36,354500,0.7368
2500,1000000,0.36,355000,0.7772
2500,1000000,0.36,355500,0.7412
2500,1000000,0.36,356000,0.7452
2500,1000000,0.36,356500,0.7556
2500,1000000,0.36,357000,0.7756
2500,1000000,0.36,357500,0.7648
2500,1000000,0.36,358000,0.7888
2500,1000000,0.36,358500,0.7528
2500,1000000,0.36,359000,0.7712
2500,1000000,0.36,359500,0.7288
2500,1000000,0.36,360000,0.7768
2500,1000000,0.36,360500,0.7636
2500,1000000,0.36,361000,0.7352
2500,1000000,0.36,361500,0.7492
2500,1000000,0.36,362000,0.7776
2500,1000000,0.36,362500,0.7604
2500,1000000,0.36,363000,0.7948
2500,1000000,0.36,363500,0.7912
2500,1000000,0.36,364000,0.7684
2500,1000000,0.36,364500,0.7528
2500,1000000,0.36,365000,0.7732
2500,1000000,0.36,365500,0.7444
2500,1000000,0.36,366000,0.7872
2500,1000000,0.36,366500,0.7808
2500,1000000,0.36,367000,0.8056
2500,1000000,0.36,367500,0.7576
2500,1000000,0.36,368000,0.7372
2500,1000000,0.36,368500,0.7448
2500,1000000,0.36,369000,0.7776
2500,1000000,0.36,369500,0.7592
2500,1000000,0.36,370000,0.7516
2500,1000000,0.36,370500,0.7472
2500,1000000,0.36,371000,0.7704
2500,1000000,0.36,371500,0.7572
2500,1000000,0.36,372000,0.76
2500,1000000,0.36,372500,0.7436
2500,1000000,0.36,373000,0.7656
2500,1000000,0.36,373500,0.7768
2500,1000000,0.36,374000,0.7652
2500,1000000,0.36,374500,0.7572
2500,1000000,0.36,375000,0.8104
2500,1000000,0.36,375500,0.7664
2500,1000000,0.36,376000,0.7808
2500,1000000,0.36,376500,0.7532
2500,1000000,0.36,377000,0.748
2500,1000000,0.36,377500,0.748
2500,1000000,0.36,378000,0.8012
2500,1000000,0.36,378500,0.7556
2500,1000000,0.36,379000,0.7596
2500,1000000,0.36,379500,0.788
2500,1000000,0.36,380000,0.77
2500,1000000,0.36,380500,0.772
2500,1000000,0.36,381000,0.7164
2500,1000000,0.36,381500,0.7368
2500,1000000,0.36,382000,0.7872
2500,1000000,0.36,382500,0.7572
2500,1000000,0.36,383000,0.7776
2500,1000000,0.36,383500,0.788
2500,1000000,0.36,384000,0.7812
2500,1000000,0.36,384500,0.778
2500,1000000,0.36,385000,0.7872
2500,1000000,0.36,385500,0.7244
2500,1000000,0.36,386000,0.8232
2500,1000000,0.36,386500,0.7536
2500,1000000,0.36,387000,0.7896
2500,1000000,0.36,387500,0.7468
2500,1000000,0.36,388000,0.744
2500,1000000,0.36,388500,0.7756
2500,1000000,0.36,389000,0.7068
2500,1000000,0.36,389500,0.7956
2500,1000000,0.36,390000,0.7524
2500,1000000,0.36,390500,0.7804
2500,1000000,0.36,391000,0.772
2500,1000000,0.36,391500,0.7552
2500,1000000,0.36,392000,0.7264
2500,1000000,0.36,392500,0.7488
2500,1000000,0.36,393000,0.7968
2500,1000000,0.36,393500,0.7696
2500,1000000,0.36,394000,0.7632
2500,1000000,0.36,394500,0.7936
2500,1000000,0.36,395000,0.7772
2500,1000000,0.36,395500,0.7816
2500,1000000,0.36,396000,0.76
2500,1000000,0.36,396500,0.7736
2500,1000000,0.36,397000,0.7664
2500,1000000,0.36,397500,0.7344
2500,1000000,0.36,398000,0.8212
2500,1000000,0.36,398500,0.748
2500,1000000,0.36,399000,0.8032
2500,1000000,0.36,399500,0.7432
2500,1000000,0.36,400000,0.7912
2500,1000000,0.36,400500,0.7512
2500,1000000,0.36,401000,0.7952
2500,1000000,0.36,401500,0.7896
2500,1000000,0.36,402000,0.7544
2500,1000000,0.36,402500,0.7664
2500,1000000,0.36,403000,0.8016
2500,1000000,0.36,403500,0.7708
2500,1000000,0.36,404000,0.748
2500,1000000,0.36,404500,0.7512
2500,1000000,0.36,405000,0.7532
2500,1000000,0.36,405500,0.7304
2500,1000000,0.36,406000,0.7636
2500,1000000,0.36,406500,0.784
2500,1000000,0.36,407000,0.8036
2500,1000000,0.36,407500,0.7552
2500,1000000,0.36,408000,0.7784
2500,1000000,0.36,408500,0.7492
2500,1000000,0.36,409000,0.7696
2500,1000000,0.36,409500,0.7256
2500,1000000,0.36,410000,0.7768
2500,1000000,0.36,410500,0.7748
2500,1000000,0.36,411000,0.7736
2500,1000000,0.36,411500,0.7604
2500,1000000,0.36,412000,0.8012
2500,1000000,0.36,412500,0.8188
2500,1000000,0.36,413000,0.756
2500,1000000,0.36,413500,0.7388
2500,1000000,0.36,414000,0.7836
2500,1000000,0.36,414500,0.7788
2500,1000000,0.36,415000,0.756
2500,1000000,0.36,415500,0.7336
2500,1000000,0.36,416000,0.8024
2500,1000000,0.36,416500,0.7628
2500,1000000,0.36,417000,0.73
2500,1000000,0.36,417500,0.7156
2500,1000000,0.36,418000,0.7452
2500,1000000,0.36,418500,0.768
2500,1000000,0.36,419000,0.7972
2500,1000000,0.36,419500,0.7772
2500,1000000,0.36,420000,0.7628
2500,1000000,0.36,420500,0.74
2500,1000000,0.36,421000,0.722
2500,1000000,0.36,421500,0.7512
2500,1000000,0.36,422000,0.7812
2500,1000000,0.36,422500,0.7928
2500,1000000,0.36,423000,0.788
2500,1000000,0.36,423500,0.73
2500,1000000,0.36,424000,0.7484
2500,1000000,0.36,424500,0.806
2500,1000000,0.36,425000,0.748
2500,1000000,0.36,425500,0.7468
2500,1000000,0.36,426000,0.7512
2500,1000000,0.36,426500,0.784
2500,1000000,0.36,427000,0.7876
2500,1000000,0.36,427500,0.7584
2500,1000000,0.36,428000,0.796
2500,1000000,0.36,428500,0.7688
2500,1000000,0.36,429000,0.7232
2500,1000000,0.36,429500,0.7524
2500,1000000,0.36,430000,0.7824
2500,1000000,0.36,430500,0.7668
2500,1000000,0.36,431000,0.818
2500,1000000,0.36,431500,0.7808
2500,1000000,0.36,432000,0.7804
2500,1000000,0.36,432500,0.79
2500,1000000,0.36,433000,0.746
2500,1000000,0.36,433500,0.7576
2500,1000000,0.36,434000,0.7748
2500,1000000,0.36,434500,0.7624
2500,1000000,0.36,435000,0.7496
2500,1000000,0.36,435500,0.7756
2500,1000000,0.36,436000,0.7652
2500,1000000,0.36,436500,0.7632
2500,1000000,0.36,437000,0.768
2500,1000000,0.36,437500,0.7556
2500,1000000,0.36,438000,0.7248
2500,1000000,0.36,438500,0.7632
2500,1000000,0.36,439000,0.7776
2500,1000000,0.36,439500,0.726
2500,1000000,0.36,440000,0.7712
2500,1000000,0.36,440500,0.776
2500,1000000,0.36,441000,0.7912
2500,1000000,0.36,441500,0.7704
2500,1000000,0.36,442000,0.7452
2500,1000000,0.36,442500,0.7736
2500,1000000,0.36,443000,0.788
2500,1000000,0.36,443500,0.7492
2500,1000000,0.36,444000,0.7832
2500,1000000,0.36,444500,0.7268
2500,1000000,0.36,445000,0.776
2500,1000000,0.36,445500,0.7804
2500,1000000,0.36,446000,0.7792
2500,1000000,0.36,446500,0.8048
2500,1000000,0.36,447000,0.7928
2500,1000000,0.36,447500,0.7944
2500,1000000,0.36,448000,0.76
2500,1000000,0.36,448500,0.7784
2500,1000000,0.36,449000,0.7752
2500,1000000,0.36,449500,0.7776
2500,1000000,0.36,450000,0.7404
2500,1000000,0.36,450500,0.76
2500,1000000,0.36,451000,0.7644
2500,1000000,0.36,451500,0.746
2500,1000000,0.36,452000,0.7628
2500,1000000,0.36,452500,0.7752
2500,1000000,0.36,453000,0.7296
2500,1000000,0.36,453500,0.8004
2500,1000000,0.36,454000,0.7448
2500,1000000,0.36,454500,0.7604
2500,1000000,0.36,455000,0.7488
2500,1000000,0.36,455500,0.7448
2500,1000000,0.36,456000,0.766
2500,1000000,0.36,456500,0.7888
2500,1000000,0.36,457000,0.782
2500,1000000,0.36,457500,0.7228
2500,1000000,0.36,458000,0.7616
2500,1000000,0.36,458500,0.7568
2500,1000000,0.36,459000,0.6932
2500,1000000,0.36,459500,0.7276
2500,1000000,0.36,460000,0.7764
2500,1000000,0.36,460500,0.7588
2500,1000000,0.36,461000,0.7556
2500,1000000,0.36,461500,0.7624
2500,1000000,0.36,462000,0.7816
2500,1000000,0.36,462500,0.7872
2500,1000000,0.36,463000,0.8128
2500,1000000,0.36,463500,0.7632
2500,1000000,0.36,464000,0.806
2500,1000000,0.36,464500,0.7972
2500,1000000,0.36,465000,0.7812
2500,1000000,0.36,465500,0.7892
2500,1000000,0.36,466000,0.7696
2500,1000000,0.36,466500,0.7696
2500,1000000,0.36,467000,0.7544
2500,1000000,0.36,467500,0.76
2500,1000000,0.36,468000,0.7844
2500,1000000,0.36,468500,0.7884
2500,1000000,0.36,469000,0.8056
2500,1000000,0.36,469500,0.7468
2500,1000000,0.36,470000,0.7796
2500,1000000,0.36,470500,0.7868
2500,1000000,0.36,471000,0.7296
2500,1000000,0.36,471500,0.7816
2500,1000000,0.36,472000,0.7896
2500,1000000,0.36,472500,0.8008
2500,1000000,0.36,473000,0.796
2500,1000000,0.36,473500,0.7568
2500,1000000,0.36,474000,0.7388
2500,1000000,0.36,474500,0.7864
2500,1000000,0.36,475000,0.7488
2500,1000000,0.36,475500,0.7232
2500,1000000,0.36,476000,0.7772
2500,1000000,0.36,476500,0.7744
2500,1000000,0.36,477000,0.788
2500,1000000,0.36,477500,0.7804
2500,1000000,0.36,478000,0.7944
2500,1000000,0.36,478500,0.7728
2500,1000000,0.36,479000,0.74
2500,1000000,0.36,479500,0.7704
2500,1000000,0.36,480000,0.7672
2500,1000000,0.36,480500,0.7732
2500,1000000,0.36,481000,0.7412
2500,1000000,0.36,481500,0.7932
2500,1000000,0.36,482000,0.7848
2500,1000000,0.36,482500,0.7172
2500,1000000,0.36,483000,0.7672
2500,1000000,0.36,483500,0.8
2500,1000000,0.36,484000,0.766
2500,1000000,0.36,484500,0.7196
2500,1000000,0.36,485000,0.7476
2500,1000000,0.36,485500,0.7388
2500,1000000,0.36,486000,0.7604
2500,1000000,0.36,486500,0.7528
2500,1000000,0.36,487000,0.7344
2500,1000000,0.36,487500,0.7476
2500,1000000,0.36,488000,0.7708
2500,1000000,0.36,488500,0.776
2500,1000000,0.36,489000,0.7956
2500,1000000,0.36,489500,0.7432
2500,1000000,0.36,490000,0.788
2500,1000000,0.36,490500,0.772
2500,1000000,0.36,491000,0.7536
2500,1000000,0.36,491500,0.7952
2500,1000000,0.36,492000,0.8284
2500,1000000,0.36,492500,0.7624
2500,1000000,0.36,493000,0.7464
2500,1000000,0.36,493500,0.7588
2500,1000000,0.36,494000,0.7672
2500,1000000,0.36,494500,0.7704
2500,1000000,0.36,495000,0.7676
2500,1000000,0.36,495500,0.7644
2500,1000000,0.36,496000,0.7308
2500,1000000,0.36,496500,0.7704
2500,1000000,0.36,497000,0.7832
2500,1000000,0.36,497500,0.8072
2500,1000000,0.36,498000,0.8272
2500,1000000,0.36,498500,0.7692
2500,1000000,0.36,499000,0.7528
2500,1000000,0.36,499500,0.7392
2500,1000000,0.36,500000,0.7772
2500,1000000,0.36,500500,0.7716
2500,1000000,0.36,501000,0.7696
2500,1000000,0.36,501500,0.8044
2500,1000000,0.36,502000,0.7516
2500,1000000,0.36,502500,0.7644
2500,1000000,0.36,503000,0.7764
2500,1000000,0.36,503500,0.7488
2500,1000000,0.36,504000,0.762
2500,1000000,0.36,504500,0.766
2500,1000000,0.36,505000,0.826
2500,1000000,0.36,505500,0.754
2500,1000000,0.36,506000,0.7124
2500,1000000,0.36,506500,0.7872
2500,1000000,0.36,507000,0.764
2500,1000000,0.36,507500,0.7648
2500,1000000,0.36,508000,0.7516
2500,1000000,0.36,508500,0.734
2500,1000000,0.36,509000,0.7476
2500,1000000,0.36,509500,0.7372
2500,1000000,0.36,510000,0.8088
2500,1000000,0.36,510500,0.768
2500,1000000,0.36,511000,0.7704
2500,1000000,0.36,511500,0.7724
2500,1000000,0.36,512000,0.766
2500,1000000,0.36,512500,0.7548
2500,1000000,0.36,513000,0.7792
2500,1000000,0.36,513500,0.7596
2500,1000000,0.36,514000,0.7864
2500,1000000,0.36,514500,0.7568
2500,1000000,0.36,515000,0.7648
2500,1000000,0.36,515500,0.7632
2500,1000000,0.36,516000,0.822
2500,1000000,0.36,516500,0.7608
2500,1000000,0.36,517000,0.7172
2500,1000000,0.36,517500,0.7148
2500,1000000,0.36,518000,0.7784
2500,1000000,0.36,518500,0.792
2500,1000000,0.36,519000,0.7048
2500,1000000,0.36,519500,0.7684
2500,1000000,0.36,520000,0.7648
2500,1000000,0.36,520500,0.774
2500,1000000,0.36,521000,0.7628
2500,1000000,0.36,521500,0.7604
2500,1000000,0.36,522000,0.7392
2500,1000000,0.36,522500,0.7476
2500,1000000,0.36,523000,0.772
2500,1000000,0.36,523500,0.758
2500,1000000,0.36,524000,0.768
2500,1000000,0.36,524500,0.7808
2500,1000000,0.36,525000,0.7728
2500,1000000,0.36,525500,0.7324
2500,1000000,0.36,526000,0.7912
2500,1000000,0.36,526500,0.774
2500,1000000,0.36,527000,0.7864
2500,1000000,0.36,527500,0.774
2500,1000000,0.36,528000,0.7488
2500,1000000,0.36,528500,0.804
2500,1000000,0.36,529000,0.7244
2500,1000000,0.36,529500,0.7756
2500,1000000,0.36,530000,0.7392
2500,1000000,0.36,530500,0.7936
2500,1000000,0.36,531000,0.7968
2500,1000000,0.36,531500,0.7296
2500,1000000,0.36,532000,0.7712
2500,1000000,0.36,532500,0.7592
2500,1000000,0.36,533000,0.7504
2500,1000000,0.36,533500,0.7812
2500,1000000,0.36,534000,0.7696
2500,1000000,0.36,534500,0.7572
2500,1000000,0.36,535000,0.782
2500,1000000,0.36,535500,0.7436
2500,1000000,0.36,536000,0.7976
2500,1000000,0.36,536500,0.7356
2500,1000000,0.36,537000,0.776
2500,1000000,0.36,537500,0.8128
2500,1000000,0.36,538000,0.7556
2500,1000000,0.36,538500,0.7892
2500,1000000,0.36,539000,0.7516
2500,1000000,0.36,539500,0.7544
2500,1000000,0.36,540000,0.7696
2500,1000000,0.36,540500,0.8068
2500,1000000,0.36,541000,0.766
2500,1000000,0.36,541500,0.7952
2500,1000000,0.36,542000,0.7472
2500,1000000,0.36,542500,0.7812
2500,1000000,0.36,543000,0.7796
2500,1000000,0.36,543500,0.7624
2500,1000000,0.36,544000,0.7608
2500,1000000,0.36,544500,0.7872
2500,1000000,0.36,545000,0.7848
2500,1000000,0.36,545500,0.7696
2500,1000000,0.36,546000,0.732
2500,1000000,0.36,546500,0.7716
2500,1000000,0.36,547000,0.7684
2500,1000000,0.36,547500,0.7628
2500,1000000,0.36,548000,0.7712
2500,1000000,0.36,548500,0.7684
2500,1000000,0.36,549000,0.716
2500,1000000,0.36,549500,0.7424
2500,1000000,0.36,550000,0.784
2500,1000000,0.36,550500,0.7724
2500,1000000,0.36,551000,0.7816
2500,1000000,0.36,551500,0.7836
2500,1000000,0.36,552000,0.7832
2500,1000000,0.36,552500,0.76
2500,1000000,0.36,553000,0.7068
2500,1000000,0.36,553500,0.7488
2500,1000000,0.36,554000,0.808
2500,1000000,0.36,554500,0.7456
2500,1000000,0.36,555000,0.782
2500,1000000,0.36,555500,0.7892
2500,1000000,0.36,556000,0.7568
2500,1000000,0.36,556500,0.7836
2500,1000000,0.36,557000,0.7868
2500,1000000,0.36,557500,0.7692
2500,1000000,0.36,558000,0.7672
2500,1000000,0.36,558500,0.7284
2500,1000000,0.36,559000,0.7372
2500,1000000,0.36,559500,0.7556
2500,1000000,0.36,560000,0.7652
2500,1000000,0.36,560500,0.758
2500,1000000,0.36,561000,0.792
2500,1000000,0.36,561500,0.7548
2500,1000000,0.36,562000,0.7584
2500,1000000,0.36,562500,0.794
2500,1000000,0.36,563000,0.7672
2500,1000000,0.36,563500,0.7616
2500,1000000,0.36,564000,0.7944
2500,1000000,0.36,564500,0.7532
2500,1000000,0.36,565000,0.7892
2500,1000000,0.36,565500,0.7548
2500,1000000,0.36,566000,0.7668
2500,1000000,0.36,566500,0.7332
2500,1000000,0.36,567000,0.754
2500,1000000,0.36,567500,0.7588
2500,1000000,0.36,568000,0.7368
2500,1000000,0.36,568500,0.7236
2500,1000000,0.36,569000,0.77
2500,1000000,0.36,569500,0.7724
2500,1000000,0.36,570000,0.8032
2500,1000000,0.36,570500,0.7732
2500,1000000,0.36,571000,0.7932
2500,1000000,0.36,571500,0.782
2500,1000000,0.36,572000,0.7656
2500,1000000,0.36,572500,0.7576
2500,1000000,0.36,573000,0.7608
2500,1000000,0.36,573500,0.7456
2500,1000000,0.36,574000,0.7764
2500,1000000,0.36,574500,0.748
2500,1000000,0.36,575000,0.7592
2500,1000000,0.36,575500,0.7932
2500,1000000,0.36,576000,0.7752
2500,1000000,0.36,576500,0.7892
2500,1000000,0.36,577000,0.7448
2500,1000000,0.36,577500,0.7532
2500,1000000,0.36,578000,0.7976
2500,1000000,0.36,578500,0.7628
2500,1000000,0.36,579000,0.7956
2500,1000000,0.36,579500,0.7624
2500,1000000,0.36,580000,0.758
2500,1000000,0.36,580500,0.772
2500,1000000,0.36,581000,0.7612
2500,1000000,0.36,581500,0.7556
2500,1000000,0.36,582000,0.7736
2500,1000000,0.36,582500,0.7688
2500,1000000,0.36,583000,0.7984
2500,1000000,0.36,583500,0.7704
2500,1000000,0.36,584000,0.7844
2500,1000000,0.36,584500,0.7908
2500,1000000,0.36,585000,0.7316
2500,1000000,0.36,585500,0.7764
2500,1000000,0.36,586000,0.7496
2500,1000000,0.36,586500,0.7784
2500,1000000,0.36,587000,0.7344
2500,1000000,0.36,587500,0.7912
2500,1000000,0.36,588000,0.7632
2500,1000000,0.36,588500,0.756
2500,1000000,0.36,589000,0.7904
2500,1000000,0.36,589500,0.7724
2500,1000000,0.36,590000,0.8008
2500,1000000,0.36,590500,0.7976
2500,1000000,0.36,591000,0.7632
2500,1000000,0.36,591500,0.7988
2500,1000000,0.36,592000,0.7652
2500,1000000,0.36,592500,0.7876
2500,1000000,0.36,593000,0.7884
2500,1000000,0.36,593500,0.7644
2500,1000000,0.36,594000,0.7268
2500,1000000,0.36,594500,0.7412
2500,1000000,0.36,595000,0.7684
2500,1000000,0.36,595500,0.7824
2500,1000000,0.36,596000,0.7448
2500,1000000,0.36,596500,0.7824
2500,1000000,0.36,597000,0.7628
2500,1000000,0.36,597500,0.7528
2500,1000000,0.36,598000,0.778
2500,1000000,0.36,598500,0.7756
2500,1000000,0.36,599000,0.7792
2500,1000000,0.36,599500,0.7352
2500,1000000,0.36,600000,0.7756
2500,1000000,0.36,600500,0.7968
2500,1000000,0.36,601000,0.7692
2500,1000000,0.36,601500,0.746
2500,1000000,0.36,602000,0.812
2500,1000000,0.36,602500,0.7408
2500,1000000,0.36,603000,0.7524
2500,1000000,0.36,603500,0.7208
2500,1000000,0.36,604000,0.8096
2500,1000000,0.36,604500,0.7828
2500,1000000,0.36,605000,0.7652
2500,1000000,0.36,605500,0.7512
2500,1000000,0.36,606000,0.7476
2500,1000000,0.36,606500,0.7616
2500,1000000,0.36,607000,0.7624
2500,1000000,0.36,607500,0.7508
2500,1000000,0.36,608000,0.7516
2500,1000000,0.36,608500,0.7928
2500,1000000,0.36,609000,0.7844
2500,1000000,0.36,609500,0.8036
2500,1000000,0.36,610000,0.7492
2500,1000000,0.36,610500,0.7304
2500,1000000,0.36,611000,0.778
2500,1000000,0.36,611500,0.7684
2500,1000000,0.36,612000,0.764
2500,1000000,0.36,612500,0.788
2500,1000000,0.36,613000,0.7868
2500,1000000,0.36,613500,0.8344
2500,1000000,0.36,614000,0.704
2500,1000000,0.36,614500,0.7568
2500,1000000,0.36,615000,0.7364
2500,1000000,0.36,615500,0.7716
2500,1000000,0.36,616000,0.786
2500,1000000,0.36,616500,0.782
2500,1000000,0.36,617000,0.7452
2500,1000000,0.36,617500,0.7264
2500,1000000,0.36,618000,0.802
2500,1000000,0.36,618500,0.7892
2500,1000000,0.36,619000,0.8016
2500,1000000,0.36,619500,0.7716
2500,1000000,0.36,620000,0.7812
2500,1000000,0.36,620500,0.7636
2500,1000000,0.36,621000,0.8144
2500,1000000,0.36,621500,0.784
2500,1000000,0.36,622000,0.7712
2500,1000000,0.36,622500,0.7748
2500,1000000,0.36,623000,0.754
2500,1000000,0.36,623500,0.7668
2500,1000000,0.36,624000,0.7516
2500,1000000,0.36,624500,0.7152
2500,1000000,0.36,625000,0.7564
2500,1000000,0.36,625500,0.7844
2500,1000000,0.36,626000,0.764
2500,1000000,0.36,626500,0.7648
2500,1000000,0.36,627000,0.7788
2500,1000000,0.36,627500,0.7736
2500,1000000,0.36,628000,0.782
2500,1000000,0.36,628500,0.7912
2500,1000000,0.36,629000,0.7856
2500,1000000,0.36,629500,0.7372
2500,1000000,0.36,630000,0.7816
2500,1000000,0.36,630500,0.7608
2500,1000000,0.36,631000,0.7352
2500,1000000,0.36,631500,0.7652
2500,1000000,0.36,632000,0.7396
2500,1000000,0.36,632500,0.784
2500,1000000,0.36,633000,0.752
2500,1000000,0.36,633500,0.8
2500,1000000,0.36,634000,0.7952
2500,1000000,0.36,634500,0.7652
2500,1000000,0.36,635000,0.7552
2500,1000000,0.36,635500,0.7664
2500,1000000,0.36,636000,0.772
2500,1000000,0.36,636500,0.7504
2500,1000000,0.36,637000,0.748
2500,1000000,0.36,637500,0.7564
2500,1000000,0.36,638000,0.7352
2500,1000000,0.36,638500,0.7376
2500,1000000,0.36,639000,0.7232
2500,1000000,0.36,639500,0.7408
2500,1000000,0.36,640000,0.7872
2500,1000000,0.36,640500,0.7828
2500,1000000,0.36,641000,0.7704
2500,1000000,0.36,641500,0.7836
2500,1000000,0.36,642000,0.7704
2500,1000000,0.36,642500,0.7536
2500,1000000,0.36,643000,0.7644
2500,1000000,0.36,643500,0.7808
2500,1000000,0.36,644000,0.764
2500,1000000,0.36,644500,0.7696
2500,1000000,0.36,645000,0.7392
2500,1000000,0.36,645500,0.7356
2500,1000000,0.36,646000,0.7608
2500,1000000,0.36,646500,0.7348
2500,1000000,0.36,647000,0.7384
2500,1000000,0.36,647500,0.7932
2500,1000000,0.36,648000,0.7392
2500,1000000,0.36,648500,0.7748
2500,1000000,0.36,649000,0.7844
2500,1000000,0.36,649500,0.7912
2500,1000000,0.36,650000,0.7476
2500,1000000,0.36,650500,0.7944
2500,1000000,0.36,651000,0.81
2500,1000000,0.36,651500,0.754
2500,1000000,0.36,652000,0.7496
2500,1000000,0.36,652500,0.7956
2500,1000000,0.36,653000,0.7656
2500,1000000,0.36,653500,0.7732
2500,1000000,0.36,654000,0.7812
2500,1000000,0.36,654500,0.742
2500,1000000,0.36,655000,0.76
2500,1000000,0.36,655500,0.7972
2500,1000000,0.36,656000,0.7796
2500,1000000,0.36,656500,0.7236
2500,1000000,0.36,657000,0.7628
2500,1000000,0.36,657500,0.7828
2500,1000000,0.36,658000,0.76
2500,1000000,0.36,658500,0.8148
2500,1000000,0.36,659000,0.7856
2500,1000000,0.36,659500,0.7884
2500,1000000,0.36,660000,0.8028
2500,1000000,0.36,660500,0.7808
2500,1000000,0.36,661000,0.7988
2500,1000000,0.36,661500,0.7892
2500,1000000,0.36,662000,0.7784
2500,1000000,0.36,662500,0.74
2500,1000000,0.36,663000,0.7728
2500,1000000,0.36,663500,0.7156
2500,1000000,0.36,664000,0.76
2500,1000000,0.36,664500,0.7428
2500,1000000,0.36,665000,0.7512
2500,1000000,0.36,665500,0.754
2500,1000000,0.36,666000,0.7876
2500,1000000,0.36,666500,0.7884
2500,1000000,0.36,667000,0.772
2500,1000000,0.36,667500,0.7576
2500,1000000,0.36,668000,0.802
2500,1000000,0.36,668500,0.7832
2500,1000000,0.36,669000,0.778
2500,1000000,0.36,669500,0.7552
2500,1000000,0.36,670000,0.7668
2500,1000000,0.36,670500,0.6996
2500,1000000,0.36,671000,0.7476
2500,1000000,0.36,671500,0.7872
2500,1000000,0.36,672000,0.764
2500,1000000,0.36,672500,0.7192
2500,1000000,0.36,673000,0.7528
2500,1000000,0.36,673500,0.7916
2500,1000000,0.36,674000,0.7292
2500,1000000,0.36,674500,0.8144
2500,1000000,0.36,675000,0.7696
2500,1000000,0.36,675500,0.7724
2500,1000000,0.36,676000,0.8024
2500,1000000,0.36,676500,0.7776
2500,1000000,0.36,677000,0.7836
2500,1000000,0.36,677500,0.788
2500,1000000,0.36,678000,0.7984
2500,1000000,0.36,678500,0.8104
2500,1000000,0.36,679000,0.7652
2500,1000000,0.36,679500,0.7568
2500,1000000,0.36,680000,0.7848
2500,1000000,0.36,680500,0.746
2500,1000000,0.36,681000,0.7532
2500,1000000,0.36,681500,0.8012
2500,1000000,0.36,682000,0.7608
2500,1000000,0.36,682500,0.8024
2500,1000000,0.36,683000,0.7568
2500,1000000,0.36,683500,0.7576
2500,1000000,0.36,684000,0.7452
2500,1000000,0.36,684500,0.776
2500,1000000,0.36,685000,0.7788
2500,1000000,0.36,685500,0.7824
2500,1000000,0.36,686000,0.7632
2500,1000000,0.36,686500,0.7928
2500,1000000,0.36,687000,0.7896
2500,1000000,0.36,687500,0.7624
2500,1000000,0.36,688000,0.7368
2500,1000000,0.36,688500,0.7968
2500,1000000,0.36,689000,0.7296
2500,1000000,0.36,689500,0.7816
2500,1000000,0.36,690000,0.758
2500,1000000,0.36,690500,0.7712
2500,1000000,0.36,691000,0.722
2500,1000000,0.36,691500,0.77
2500,1000000,0.36,692000,0.7904
2500,1000000,0.36,692500,0.77
2500,1000000,0.36,693000,0.768
2500,1000000,0.36,693500,0.7568
2500,1000000,0.36,694000,0.796
2500,1000000,0.36,694500,0.778
2500,1000000,0.36,695000,0.7872
2500,1000000,0.36,695500,0.7244
2500,1000000,0.36,696000,0.7632
2500,1000000,0.36,696500,0.7584
2500,1000000,0.36,697000,0.7664
2500,1000000,0.36,697500,0.7288
2500,1000000,0.36,698000,0.7668
2500,1000000,0.36,698500,0.7764
2500,1000000,0.36,699000,0.7988
2500,1000000,0.36,699500,0.7504
2500,1000000,0.36,700000,0.7104
2500,1000000,0.36,700500,0.778
2500,1000000,0.36,701000,0.7992
2500,1000000,0.36,701500,0.7764
2500,1000000,0.36,702000,0.7788
2500,1000000,0.36,702500,0.7208
2500,1000000,0.36,703000,0.6984
2500,1000000,0.36,703500,0.7652
2500,1000000,0.36,704000,0.7604
2500,1000000,0.36,704500,0.7688
2500,1000000,0.36,705000,0.7508
2500,1000000,0.36,705500,0.7584
2500,1000000,0.36,706000,0.7452
2500,1000000,0.36,706500,0.7476
2500,1000000,0.36,707000,0.7404
2500,1000000,0.36,707500,0.7868
2500,1000000,0.36,708000,0.828
2500,1000000,0.36,708500,0.7536
2500,1000000,0.36,709000,0.7976
2500,1000000,0.36,709500,0.7744
2500,1000000,0.36,710000,0.7492
2500,1000000,0.36,710500,0.776
2500,1000000,0.36,711000,0.7132
2500,1000000,0.36,711500,0.7832
2500,1000000,0.36,712000,0.7532
2500,1000000,0.36,712500,0.7408
2500,1000000,0.36,713000,0.7776
2500,1000000,0.36,713500,0.7912
2500,1000000,0.36,714000,0.7208
2500,1000000,0.36,714500,0.8052
2500,1000000,0.36,715000,0.798
2500,1000000,0.36,715500,0.7888
2500,1000000,0.36,716000,0.7952
2500,1000000,0.36,716500,0.8168
2500,1000000,0.36,717000,0.786
2500,1000000,0.36,717500,0.7764
2500,1000000,0.36,718000,0.7768
2500,1000000,0.36,718500,0.7636
2500,1000000,0.36,719000,0.7808
2500,1000000,0.36,719500,0.7584
2500,1000000,0.36,720000,0.7724
2500,1000000,0.36,720500,0.7588
2500,1000000,0.36,721000,0.7576
2500,1000000,0.36,721500,0.7796
2500,1000000,0.36,722000,0.8084
2500,1000000,0.36,722500,0.7172
2500,1000000,0.36,723000,0.7388
2500,1000000,0.36,723500,0.7564
2500,1000000,0.36,724000,0.7932
2500,1000000,0.36,724500,0.7928
2500,1000000,0.36,725000,0.7468
2500,1000000,0.36,725500,0.75
2500,1000000,0.36,726000,0.748
2500,1000000,0.36,726500,0.774
2500,1000000,0.36,727000,0.7424
2500,1000000,0.36,727500,0.7576
2500,1000000,0.36,728000,0.7588
2500,1000000,0.36,728500,0.7612
2500,1000000,0.36,729000,0.7844
2500,1000000,0.36,729500,0.7468
2500,1000000,0.36,730000,0.7744
2500,1000000,0.36,730500,0.7304
2500,1000000,0.36,731000,0.7912
2500,1000000,0.36,731500,0.7952
2500,1000000,0.36,732000,0.7904
2500,1000000,0.36,732500,0.7676
2500,1000000,0.36,733000,0.7572
2500,1000000,0.36,733500,0.764
2500,1000000,0.36,734000,0.7988
2500,1000000,0.36,734500,0.8024
2500,1000000,0.36,735000,0.7644
2500,1000000,0.36,735500,0.752
2500,1000000,0.36,736000,0.7964
2500,1000000,0.36,736500,0.774
2500,1000000,0.36,737000,0.782
2500,1000000,0.36,737500,0.7752
2500,1000000,0.36,738000,0.732
2500,1000000,0.36,738500,0.7744
2500,1000000,0.36,739000,0.768
2500,1000000,0.36,739500,0.7876
2500,1000000,0.36,740000,0.7204
2500,1000000,0.36,740500,0.7396
2500,1000000,0.36,741000,0.7908
2500,1000000,0.36,741500,0.768
2500,1000000,0.36,742000,0.7552
2500,1000000,0.36,742500,0.8144
2500,1000000,0.36,743000,0.7676
2500,1000000,0.36,743500,0.782
2500,1000000,0.36,744000,0.7872
2500,1000000,0.36,744500,0.75
2500,1000000,0.36,745000,0.7548
2500,1000000,0.36,745500,0.784
2500,1000000,0.36,746000,0.78
2500,1000000,0.36,746500,0.7536
2500,1000000,0.36,747000,0.7388
2500,1000000,0.36,747500,0.7292
2500,1000000,0.36,748000,0.758
2500,1000000,0.36,748500,0.7088
2500,1000000,0.36,749000,0.7892
2500,1000000,0.36,749500,0.7392
2500,1000000,0.36,750000,0.7384
2500,1000000,0.36,750500,0.7868
2500,1000000,0.36,751000,0.7784
2500,1000000,0.36,751500,0.7496
2500,1000000,0.36,752000,0.7536
2500,1000000,0.36,752500,0.7344
2500,1000000,0.36,753000,0.7724
2500,1000000,0.36,753500,0.742
2500,1000000,0.36,754000,0.784
2500,1000000,0.36,754500,0.7684
2500,1000000,0.36,755000,0.7224
2500,1000000,0.36,755500,0.8076
2500,1000000,0.36,756000,0.7512
2500,1000000,0.36,756500,0.7564
2500,1000000,0.36,757000,0.7352
2500,1000000,0.36,757500,0.7712
2500,1000000,0.36,758000,0.76
2500,1000000,0.36,758500,0.7468
2500,1000000,0.36,759000,0.7856
2500,1000000,0.36,759500,0.7632
2500,1000000,0.36,760000,0.768
2500,1000000,0.36,760500,0.7644
2500,1000000,0.36,761000,0.7532
2500,1000000,0.36,761500,0.7836
2500,1000000,0.36,762000,0.7448
2500,1000000,0.36,762500,0.75
2500,1000000,0.36,763000,0.7368
2500,1000000,0.36,763500,0.77
2500,1000000,0.36,764000,0.774
2500,1000000,0.36,764500,0.7448
2500,1000000,0.36,765000,0.7344
2500,1000000,0.36,765500,0.7476
2500,1000000,0.36,766000,0.7316
2500,1000000,0.36,766500,0.776
2500,1000000,0.36,767000,0.7732
2500,1000000,0.36,767500,0.776
2500,1000000,0.36,768000,0.7588
2500,1000000,0.36,768500,0.8192
2500,1000000,0.36,769000,0.7392
2500,1000000,0.36,769500,0.8044
2500,1000000,0.36,770000,0.7844
2500,1000000,0.36,770500,0.7376
2500,1000000,0.36,771000,0.7768
2500,1000000,0.36,771500,0.77
2500,1000000,0.36,772000,0.7372
2500,1000000,0.36,772500,0.8004
2500,1000000,0.36,773000,0.7644
2500,1000000,0.36,773500,0.7724
2500,1000000,0.36,774000,0.7744
2500,1000000,0.36,774500,0.7648
2500,1000000,0.36,775000,0.7428
2500,1000000,0.36,775500,0.7872
2500,1000000,0.36,776000,0.7672
2500,1000000,0.36,776500,0.7744
2500,1000000,0.36,777000,0.7292
2500,1000000,0.36,777500,0.7556
2500,1000000,0.36,778000,0.7836
2500,1000000,0.36,778500,0.7836
2500,1000000,0.36,779000,0.7504
2500,1000000,0.36,779500,0.7504
2500,1000000,0.36,780000,0.746
2500,1000000,0.36,780500,0.738
2500,1000000,0.36,781000,0.8076
2500,1000000,0.36,781500,0.776
2500,1000000,0.36,782000,0.7448
2500,1000000,0.36,782500,0.802
2500,1000000,0.36,783000,0.7724
2500,1000000,0.36,783500,0.7756
2500,1000000,0.36,784000,0.79
2500,1000000,0.36,784500,0.7484
2500,1000000,0.36,785000,0.7512
2500,1000000,0.36,785500,0.764
2500,1000000,0.36,786000,0.8116
2500,1000000,0.36,786500,0.7592
2500,1000000,0.36,787000,0.7864
2500,1000000,0.36,787500,0.7756
2500,1000000,0.36,788000,0.7796
2500,1000000,0.36,788500,0.754
2500,1000000,0.36,789000,0.7596
2500,1000000,0.36,789500,0.77
2500,1000000,0.36,790000,0.74
2500,1000000,0.36,790500,0.7848
2500,1000000,0.36,791000,0.7988
2500,1000000,0.36,791500,0.772
2500,1000000,0.36,792000,0.7408
2500,1000000,0.36,792500,0.7696
2500,1000000,0.36,793000,0.7632
2500,1000000,0.36,793500,0.7332
2500,1000000,0.36,794000,0.78
2500,1000000,0.36,794500,0.7456
2500,1000000,0.36,795000,0.7492
2500,1000000,0.36,795500,0.74
2500,1000000,0.36,796000,0.752
2500,1000000,0.36,796500,0.7168
2500,1000000,0.36,797000,0.7196
2500,1000000,0.36,797500,0.7684
2500,1000000,0.36,798000,0.7452
2500,1000000,0.36,798500,0.8008
2500,1000000,0.36,799000,0.7508
2500,1000000,0.36,799500,0.7724
2500,1000000,0.36,800000,0.7776
2500,1000000,0.36,800500,0.768
2500,1000000,0.36,801000,0.706
2500,1000000,0.36,801500,0.7484
2500,1000000,0.36,802000,0.7908
2500,1000000,0.36,802500,0.7764
2500,1000000,0.36,803000,0.7348
2500,1000000,0.36,803500,0.7664
2500,1000000,0.36,804000,0.748
2500,1000000,0.36,804500,0.7936
2500,1000000,0.36,805000,0.7712
2500,1000000,0.36,805500,0.742
2500,1000000,0.36,806000,0.7668
2500,1000000,0.36,806500,0.7632
2500,1000000,0.36,807000,0.76
2500,1000000,0.36,807500,0.7668
2500,1000000,0.36,808000,0.7376
2500,1000000,0.36,808500,0.8052
2500,1000000,0.36,809000,0.7592
2500,1000000,0.36,809500,0.7896
2500,1000000,0.36,810000,0.7924
2500,1000000,0.36,810500,0.7652
2500,1000000,0.36,811000,0.7616
2500,1000000,0.36,811500,0.7676
2500,1000000,0.36,812000,0.7308
2500,1000000,0.36,812500,0.766
2500,1000000,0.36,813000,0.7708
2500,1000000,0.36,813500,0.788
2500,1000000,0.36,814000,0.736
2500,1000000,0.36,814500,0.7668
2500,1000000,0.36,815000,0.7688
2500,1000000,0.36,815500,0.7368
2500,1000000,0.36,816000,0.714
2500,1000000,0.36,816500,0.7724
2500,1000000,0.36,817000,0.8132
2500,1000000,0.36,817500,0.804
2500,1000000,0.36,818000,0.766
2500,1000000,0.36,818500,0.762
2500,1000000,0.36,819000,0.7668
2500,1000000,0.36,819500,0.7264
2500,1000000,0.36,820000,0.7984
2500,1000000,0.36,820500,0.7624
2500,1000000,0.36,821000,0.7812
2500,1000000,0.36,821500,0.766
2500,1000000,0.36,822000,0.7704
2500,1000000,0.36,822500,0.776
2500,1000000,0.36,823000,0.756
2500,1000000,0.36,823500,0.764
2500,1000000,0.36,824000,0.7264
2500,1000000,0.36,824500,0.756
2500,1000000,0.36,825000,0.7836
2500,1000000,0.36,825500,0.8
2500,1000000,0.36,826000,0.7512
2500,1000000,0.36,826500,0.7584
2500,1000000,0.36,827000,0.7912
2500,1000000,0.36,827500,0.792
2500,1000000,0.36,828000,0.7728
2500,1000000,0.36,828500,0.7656
2500,1000000,0.36,829000,0.7808
2500,1000000,0.36,829500,0.7504
2500,1000000,0.36,830000,0.7672
2500,1000000,0.36,830500,0.7728
2500,1000000,0.36,831000,0.7876
2500,1000000,0.36,831500,0.7336
2500,1000000,0.36,832000,0.7652
2500,1000000,0.36,832500,0.78
2500,1000000,0.36,833000,0.7704
2500,1000000,0.36,833500,0.7392
2500,1000000,0.36,834000,0.7876
2500,1000000,0.36,834500,0.7804
2500,1000000,0.36,835000,0.7516
2500,1000000,0.36,835500,0.7276
2500,1000000,0.36,836000,0.7812
2500,1000000,0.36,836500,0.77
2500,1000000,0.36,837000,0.7248
2500,1000000,0.36,837500,0.7708
2500,1000000,0.36,838000,0.7604
2500,1000000,0.36,838500,0.7456
2500,1000000,0.36,839000,0.7704
2500,1000000,0.36,839500,0.7564
2500,1000000,0.36,840000,0.764
2500,1000000,0.36,840500,0.7808
2500,1000000,0.36,841000,0.742
2500,1000000,0.36,841500,0.748
2500,1000000,0.36,842000,0.7644
2500,1000000,0.36,842500,0.7912
2500,1000000,0.36,843000,0.7684
2500,1000000,0.36,843500,0.7968
2500,1000000,0.36,844000,0.7568
2500,1000000,0.36,844500,0.7584
2500,1000000,0.36,845000,0.7772
2500,1000000,0.36,845500,0.7424
2500,1000000,0.36,846000,0.7648
2500,1000000,0.36,846500,0.784
2500,1000000,0.36,847000,0.724
2500,1000000,0.36,847500,0.7864
2500,1000000,0.36,848000,0.776
2500,1000000,0.36,848500,0.7496
2500,1000000,0.36,849000,0.7892
2500,1000000,0.36,849500,0.7272
2500,1000000,0.36,850000,0.752
2500,1000000,0.36,850500,0.7692
2500,1000000,0.36,851000,0.7784
2500,1000000,0.36,851500,0.7344
2500,1000000,0.36,852000,0.7488
2500,1000000,0.36,852500,0.8032
2500,1000000,0.36,853000,0.748
2500,1000000,0.36,853500,0.7796
2500,1000000,0.36,854000,0.7472
2500,1000000,0.36,854500,0.814
2500,1000000,0.36,855000,0.746
2500,1000000,0.36,855500,0.7684
2500,1000000,0.36,856000,0.708
2500,1000000,0.36,856500,0.748
2500,1000000,0.36,857000,0.7456
2500,1000000,0.36,857500,0.7392
2500,1000000,0.36,858000,0.7388
2500,1000000,0.36,858500,0.7728
2500,1000000,0.36,859000,0.7468
2500,1000000,0.36,859500,0.7776
2500,1000000,0.36,860000,0.7996
2500,1000000,0.36,860500,0.7484
2500,1000000,0.36,861000,0.7364
2500,1000000,0.36,861500,0.7952
2500,1000000,0.36,862000,0.7592
2500,1000000,0.36,862500,0.772
2500,1000000,0.36,863000,0.792
2500,1000000,0.36,863500,0.7596
2500,1000000,0.36,864000,0.766
2500,1000000,0.36,864500,0.7288
2500,1000000,0.36,865000,0.7476
2500,1000000,0.36,865500,0.792
2500,1000000,0.36,866000,0.7724
2500,1000000,0.36,866500,0.7612
2500,1000000,0.36,867000,0.7368
2500,1000000,0.36,867500,0.756
2500,1000000,0.36,868000,0.7512
2500,1000000,0.36,868500,0.8196
2500,1000000,0.36,869000,0.764
2500,1000000,0.36,869500,0.7696
2500,1000000,0.36,870000,0.7636
2500,1000000,0.36,870500,0.7868
2500,1000000,0.36,871000,0.7692
2500,1000000,0.36,871500,0.7564
2500,1000000,0.36,872000,0.7956
2500,1000000,0.36,872500,0.7436
2500,1000000,0.36,873000,0.7732
2500,1000000,0.36,873500,0.792
2500,1000000,0.36,874000,0.7808
2500,1000000,0.36,874500,0.7396
2500,1000000,0.36,875000,0.7836
2500,1000000,0.36,875500,0.7552
2500,1000000,0.36,876000,0.75
2500,1000000,0.36,876500,0.7952
2500,1000000,0.36,877000,0.7704
2500,1000000,0.36,877500,0.7704
2500,1000000,0.36,878000,0.7664
2500,1000000,0.36,878500,0.7772
2500,1000000,0.36,879000,0.7788
2500,1000000,0.36,879500,0.7088
2500,1000000,0.36,880000,0.754
2500,1000000,0.36,880500,0.774
2500,1000000,0.36,881000,0.77
2500,1000000,0.36,881500,0.77
2500,1000000,0.36,882000,0.7708
2500,1000000,0.36,882500,0.7724
2500,1000000,0.36,883000,0.7532
2500,1000000,0.36,883500,0.7496
2500,1000000,0.36,884000,0.7612
2500,1000000,0.36,884500,0.8012
2500,1000000,0.36,885000,0.7508
2500,1000000,0.36,885500,0.8124
2500,1000000,0.36,886000,0.7608
2500,1000000,0.36,886500,0.7688
2500,1000000,0.36,887000,0.7456
2500,1000000,0.36,887500,0.7992
2500,1000000,0.36,888000,0.7856
2500,1000000,0.36,888500,0.7344
2500,1000000,0.36,889000,0.7492
2500,1000000,0.36,889500,0.786
2500,1000000,0.36,890000,0.792
2500,1000000,0.36,890500,0.764
2500,1000000,0.36,891000,0.7776
2500,1000000,0.36,891500,0.744
2500,1000000,0.36,892000,0.7664
2500,1000000,0.36,892500,0.7684
2500,1000000,0.36,893000,0.7356
2500,1000000,0.36,893500,0.7372
2500,1000000,0.36,894000,0.7436
2500,1000000,0.36,894500,0.7848
2500,1000000,0.36,895000,0.7408
2500,1000000,0.36,895500,0.7992
2500,1000000,0.36,896000,0.7632
2500,1000000,0.36,896500,0.7628
2500,1000000,0.36,897000,0.7688
2500,1000000,0.36,897500,0.7692
2500,1000000,0.36,898000,0.8064
2500,1000000,0.36,898500,0.7424
2500,1000000,0.36,899000,0.7936
2500,1000000,0.36,899500,0.7972
2500,1000000,0.36,900000,0.7888
2500,1000000,0.36,900500,0.7396
2500,1000000,0.36,901000,0.7568
2500,1000000,0.36,901500,0.774
2500,1000000,0.36,902000,0.7376
2500,1000000,0.36,902500,0.7684
2500,1000000,0.36,903000,0.7272
2500,1000000,0.36,903500,0.8016
2500,1000000,0.36,904000,0.7744
2500,1000000,0.36,904500,0.7472
2500,1000000,0.36,905000,0.7596
2500,1000000,0.36,905500,0.766
2500,1000000,0.36,906000,0.7972
2500,1000000,0.36,906500,0.7796
2500,1000000,0.36,907000,0.7948
2500,1000000,0.36,907500,0.754
2500,1000000,0.36,908000,0.7576
2500,1000000,0.36,908500,0.806
2500,1000000,0.36,909000,0.798
2500,1000000,0.36,909500,0.7408
2500,1000000,0.36,910000,0.7676
2500,1000000,0.36,910500,0.8
2500,1000000,0.36,911000,0.7412
2500,1000000,0.36,911500,0.7836
2500,1000000,0.36,912000,0.784
2500,1000000,0.36,912500,0.7244
2500,1000000,0.36,913000,0.7736
2500,1000000,0.36,913500,0.7384
2500,1000000,0.36,914000,0.7564
2500,1000000,0.36,914500,0.756
2500,1000000,0.36,915000,0.764
2500,1000000,0.36,915500,0.7772
2500,1000000,0.36,916000,0.7888
2500,1000000,0.36,916500,0.7624
2500,1000000,0.36,917000,0.7628
2500,1000000,0.36,917500,0.8024
2500,1000000,0.36,918000,0.7828
2500,1000000,0.36,918500,0.754
2500,1000000,0.36,919000,0.7832
2500,1000000,0.36,919500,0.792
2500,1000000,0.36,920000,0.7952
2500,1000000,0.36,920500,0.7908
2500,1000000,0.36,921000,0.7968
2500,1000000,0.36,921500,0.7576
2500,1000000,0.36,922000,0.7464
2500,1000000,0.36,922500,0.7592
2500,1000000,0.36,923000,0.7516
2500,1000000,0.36,923500,0.7548
2500,1000000,0.36,924000,0.7524
2500,1000000,0.36,924500,0.782
2500,1000000,0.36,925000,0.7692
2500,1000000,0.36,925500,0.7596
2500,1000000,0.36,926000,0.7888
2500,1000000,0.36,926500,0.7728
2500,1000000,0.36,927000,0.7624
2500,1000000,0.36,927500,0.7284
2500,1000000,0.36,928000,0.8008
2500,1000000,0.36,928500,0.7908
2500,1000000,0.36,929000,0.7776
2500,1000000,0.36,929500,0.794
2500,1000000,0.36,930000,0.7916
2500,1000000,0.36,930500,0.7596
2500,1000000,0.36,931000,0.73
2500,1000000,0.36,931500,0.7548
2500,1000000,0.36,932000,0.7704
2500,1000000,0.36,932500,0.7876
2500,1000000,0.36,933000,0.7756
2500,1000000,0.36,933500,0.7556
2500,1000000,0.36,934000,0.7676
2500,1000000,0.36,934500,0.7664
2500,1000000,0.36,935000,0.7804
2500,1000000,0.36,935500,0.7744
2500,1000000,0.36,936000,0.8008
2500,1000000,0.36,936500,0.7352
2500,1000000,0.36,937000,0.7732
2500,1000000,0.36,937500,0.7476
2500,1000000,0.36,938000,0.796
2500,1000000,0.36,938500,0.7912
2500,1000000,0.36,939000,0.7588
2500,1000000,0.36,939500,0.7188
2500,1000000,0.36,940000,0.7348
2500,1000000,0.36,940500,0.778
2500,1000000,0.36,941000,0.742
2500,1000000,0.36,941500,0.8308
2500,1000000,0.36,942000,0.7892
2500,1000000,0.36,942500,0.7956
2500,1000000,0.36,943000,0.7908
2500,1000000,0.36,943500,0.7688
2500,1000000,0.36,944000,0.7332
2500,1000000,0.36,944500,0.7144
2500,1000000,0.36,945000,0.766
2500,1000000,0.36,945500,0.7556
2500,1000000,0.36,946000,0.8148
2500,1000000,0.36,946500,0.7788
2500,1000000,0.36,947000,0.7528
2500,1000000,0.36,947500,0.8104
2500,1000000,0.36,948000,0.7656
2500,1000000,0.36,948500,0.766
2500,1000000,0.36,949000,0.7556
2500,1000000,0.36,949500,0.7776
2500,1000000,0.36,950000,0.772
2500,1000000,0.36,950500,0.7784
2500,1000000,0.36,951000,0.78
2500,1000000,0.36,951500,0.7652
2500,1000000,0.36,952000,0.7864
2500,1000000,0.36,952500,0.78
2500,1000000,0.36,953000,0.7608
2500,1000000,0.36,953500,0.812
2500,1000000,0.36,954000,0.7552
2500,1000000,0.36,954500,0.7092
2500,1000000,0.36,955000,0.7476
2500,1000000,0.36,955500,0.8036
2500,1000000,0.36,956000,0.7704
2500,1000000,0.36,956500,0.774
2500,1000000,0.36,957000,0.8164
2500,1000000,0.36,957500,0.758
2500,1000000,0.36,958000,0.7712
2500,1000000,0.36,958500,0.7956
2500,1000000,0.36,959000,0.742
2500,1000000,0.36,959500,0.7388
2500,1000000,0.36,960000,0.768
2500,1000000,0.36,960500,0.766
2500,1000000,0.36,961000,0.7656
2500,1000000,0.36,961500,0.814
2500,1000000,0.36,962000,0.7748
2500,1000000,0.36,962500,0.7632
2500,1000000,0.36,963000,0.7452
2500,1000000,0.36,963500,0.7524
2500,1000000,0.36,964000,0.794
2500,1000000,0.36,964500,0.7924
2500,1000000,0.36,965000,0.754
2500,1000000,0.36,965500,0.8312
2500,1000000,0.36,966000,0.7616
2500,1000000,0.36,966500,0.8012
2500,1000000,0.36,967000,0.77
2500,1000000,0.36,967500,0.7516
2500,1000000,0.36,968000,0.7816
2500,1000000,0.36,968500,0.8116
2500,1000000,0.36,969000,0.7736
2500,1000000,0.36,969500,0.7376
2500,1000000,0.36,970000,0.7348
2500,1000000,0.36,970500,0.7708
2500,1000000,0.36,971000,0.792
2500,1000000,0.36,971500,0.7496
2500,1000000,0.36,972000,0.7972
2500,1000000,0.36,972500,0.76
2500,1000000,0.36,973000,0.7736
2500,1000000,0.36,973500,0.7408
2500,1000000,0.36,974000,0.776
2500,1000000,0.36,974500,0.8032
2500,1000000,0.36,975000,0.7612
2500,1000000,0.36,975500,0.7676
2500,1000000,0.36,976000,0.7628
2500,1000000,0.36,976500,0.784
2500,1000000,0.36,977000,0.8012
2500,1000000,0.36,977500,0.76
2500,1000000,0.36,978000,0.7892
2500,1000000,0.36,978500,0.7728
2500,1000000,0.36,979000,0.816
2500,1000000,0.36,979500,0.7848
2500,1000000,0.36,980000,0.7896
2500,1000000,0.36,980500,0.756
2500,1000000,0.36,981000,0.8008
2500,1000000,0.36,981500,0.776
2500,1000000,0.36,982000,0.7936
2500,1000000,0.36,982500,0.76
2500,1000000,0.36,983000,0.7592
2500,1000000,0.36,983500,0.7848
2500,1000000,0.36,984000,0.74
2500,1000000,0.36,984500,0.7932
2500,1000000,0.36,985000,0.7804
2500,1000000,0.36,985500,0.7528
2500,1000000,0.36,986000,0.7784
2500,1000000,0.36,986500,0.7492
2500,1000000,0.36,987000,0.7764
2500,1000000,0.36,987500,0.7912
2500,1000000,0.36,988000,0.8144
2500,1000000,0.36,988500,0.7928
2500,1000000,0.36,989000,0.732
2500,1000000,0.36,989500,0.7716
2500,1000000,0.36,990000,0.7616
2500,1000000,0.36,990500,0.752
2500,1000000,0.36,991000,0.7476
2500,1000000,0.36,991500,0.7656
2500,1000000,0.36,992000,0.792
2500,1000000,0.36,992500,0.7712
2500,1000000,0.36,993000,0.7868
2500,1000000,0.36,993500,0.7404
2500,1000000,0.36,994000,0.7808
2500,1000000,0.36,994500,0.7652
2500,1000000,0.36,995000,0.7864
2500,1000000,0.36,995500,0.7844
2500,1000000,0.36,996000,0.7504
2500,1000000,0.36,996500,0.7672
2500,1000000,0.36,997000,0.762
2500,1000000,0.36,997500,0.76
2500,1000000,0.36,998000,0.7576
2500,1000000,0.36,998500,0.76
2500,1000000,0.36,999000,0.7716
2500,1000000,0.36,999500,0.7708
