100000,200000,0.75,0.1,0,0.78829
100000,200000,0.75,0.1,1000,0.0
100000,200000,0.75,0.1,2000,0.0
100000,200000,0.75,0.1,3000,0.0
100000,200000,0.75,0.1,4000,0.0
100000,200000,0.75,0.1,5000,0.0
100000,200000,0.75,0.1,6000,0.0
100000,200000,0.75,0.1,7000,0.0
100000,200000,0.75,0.1,8000,0.0
100000,200000,0.75,0.1,9000,0.0
100000,200000,0.75,0.1,10000,0.0
100000,200000,0.75,0.1,11000,0.0
100000,200000,0.75,0.1,12000,0.0
100000,200000,0.75,0.1,13000,0.0
100000,200000,0.75,0.1,14000,0.0
100000,200000,0.75,0.1,15000,0.0
100000,200000,0.75,0.1,16000,0.0
100000,200000,0.75,0.1,17000,0.0
100000,200000,0.75,0.1,18000,0.0
100000,200000,0.75,0.1,19000,0.0
100000,200000,0.75,0.1,20000,0.0
100000,200000,0.75,0.1,21000,0.0
100000,200000,0.75,0.1,22000,0.0
100000,200000,0.75,0.1,23000,0.0
100000,200000,0.75,0.1,24000,0.0
100000,200000,0.75,0.1,25000,0.0
100000,200000,0.75,0.1,26000,0.0
100000,200000,0.75,0.1,27000,0.0
100000,200000,0.75,0.1,28000,0.0
100000,200000,0.75,0.1,29000,0.0
100000,200000,0.75,0.1,30000,0.0
100000,200000,0.75,0.1,31000,0.0
100000,200000,0.75,0.1,32000,0.0
100000,200000,0.75,0.1,33000,0.0
100000,200000,0.75,0.1,34000,0.0
100000,200000,0.75,0.1,35000,0.0
100000,200000,0.75,0.1,36000,0.0
100000,200000,0.75,0.1,37000,0.0
100000,200000,0.75,0.1,38000,0.0
100000,200000,0.75,0.1,39000,0.0
100000,200000,0.75,0.1,40000,0.0
100000,200000,0.75,0.1,41000,0.0
100000,200000,0.75,0.1,42000,0.0
100000,200000,0.75,0.1,43000,0.0
100000,200000,0.75,0.1,44000,0.0
100000,200000,0.75,0.1,45000,0.0
100000,200000,0.75,0.1,46000,0.0
100000,200000,0.75,0.1,47000,0.0
100000,200000,0.75,0.1,48000,0.0
100000,200000,0.75,0.1,49000,0.0
100000,200000,0.75,0.1,50000,0.0
100000,200000,0.75,0.1,51000,0.0
100000,200000,0.75,0.1,52000,0.0
100000,200000,0.75,0.1,53000,0.0
100000,200000,0.75,0.1,54000,0.0
100000,200000,0.75,0.1,55000,0.0
100000,200000,0.75,0.1,56000,0.0
100000,200000,0.75,0.1,57000,0.0
100000,200000,0.75,0.1,58000,0.0
100000,200000,0.75,0.1,59000,0.0
100000,200000,0.75,0.1,60000,0.0
100000,200000,0.75,0.1,61000,0.0
100000,200000,0.75,0.1,62000,0.0
100000,200000,0.75,0.1,63000,0.0
100000,200000,0.75,0.1,64000,0.0
100000,200000,0.75,0.1,65000,0.0
100000,200000,0.75,0.1,66000,0.0
100000,200000,0.75,0.1,67000,0.0
100000,200000,0.75,0.1,68000,0.0
100000,200000,0.75,0.1,69000,0.0
100000,200000,0.75,0.1,70000,0.0
100000,200000,0.75,0.1,71000,0.0
100000,200000,0.75,0.1,72000,0.0
100000,200000,0.75,0.1,73000,0.0
100000,200000,0.75,0.1,74000,0.0
100000,200000,0.75,0.1,75000,0.0
100000,200000,0.75,0.1,76000,0.0
100000,200000,0.75,0.1,77000,0.0
100000,200000,0.75,0.1,78000,0.0
100000,200000,0.75,0.1,79000,0.0
100000,200000,0.75,0.1,80000,0.0
100000,200000,0.75,0.1,81000,0.0
100000,200000,0.75,0.1,82000,0.0
100000,200000,0.75,0.1,83000,0.0
100000,200000,0.75,0.1,84000,0.0
100000,200000,0.75,0.1,85000,0.0
100000,200000,0.75,0.1,86000,0.0
100000,200000,0.75,0.1,87000,0.0
100000,200000,0.75,0.1,88000,0.0
100000,200000,0.75,0.1,89000,0.0
100000,200000,0.75,0.1,90000,0.0
100000,200000,0.75,0.1,91000,0.0
100000,200000,0.75,0.1,92000,0.0
100000,200000,0.75,0.1,93000,0.0
100000,200000,0.75,0.1,94000,0.0
100000,200000,0.75,0.1,95000,0.0
100000,200000,0.75,0.1,96000,0.0
100000,200000,0.75,0.1,97000,0.0
100000,200000,0.75,0.1,98000,0.0
100000,200000,0.75,0.1,99000,0.0
100000,200000,0.75,0.1,100000,0.0
100000,200000,0.75,0.1,101000,0.0
100000,200000,0.75,0.1,102000,0.0
100000,200000,0.75,0.1,103000,0.0
100000,200000,0.75,0.1,104000,0.0
100000,200000,0.75,0.1,105000,0.0
100000,200000,0.75,0.1,106000,0.0
100000,200000,0.75,0.1,107000,0.0
100000,200000,0.75,0.1,108000,0.0
100000,200000,0.75,0.1,109000,0.0
100000,200000,0.75,0.1,110000,0.0
100000,200000,0.75,0.1,111000,0.0
100000,200000,0.75,0.1,112000,0.0
100000,200000,0.75,0.1,113000,0.0
100000,200000,0.75,0.1,114000,0.0
100000,200000,0.75,0.1,115000,0.0
100000,200000,0.75,0.1,116000,0.0
100000,200000,0.75,0.1,117000,0.0
100000,200000,0.75,0.1,118000,0.0
100000,200000,0.75,0.1,119000,0.0
100000,200000,0.75,0.1,120000,0.0
100000,200000,0.75,0.1,121000,0.0
100000,200000,0.75,0.1,122000,0.0
100000,200000,0.75,0.1,123000,0.0
100000,200000,0.75,0.1,124000,0.0
100000,200000,0.75,0.1,125000,0.0
100000,200000,0.75,0.1,126000,0.0
100000,200000,0.75,0.1,127000,0.0
100000,200000,0.75,0.1,128000,0.0
100000,200000,0.75,0.1,129000,0.0
100000,200000,0.75,0.1,130000,0.0
100000,200000,0.75,0.1,131000,0.0
100000,200000,0.75,0.1,132000,0.0
100000,200000,0.75,0.1,133000,0.0
100000,200000,0.75,0.1,134000,0.0
100000,200000,0.75,0.1,135000,0.0
100000,200000,0.75,0.1,136000,0.0
100000,200000,0.75,0.1,137000,0.0
100000,200000,0.75,0.1,138000,0.0
100000,200000,0.75,0.1,139000,0.0
100000,200000,0.75,0.1,140000,0.0
100000,200000,0.75,0.1,141000,0.0
100000,200000,0.75,0.1,142000,0.0
100000,200000,0.75,0.1,143000,0.0
100000,200000,0.75,0.1,144000,0.0
100000,200000,0.75,0.1,145000,0.0
100000,200000,0.75,0.1,146000,0.0
100000,200000,0.75,0.1,147000,0.0
100000,200000,0.75,0.1,148000,0.0
100000,200000,0.75,0.1,149000,0.0
100000,200000,0.75,0.1,150000,0.0
100000,200000,0.75,0.1,151000,0.0
100000,200000,0.75,0.1,152000,0.0
100000,200000,0.75,0.1,153000,0.0
100000,200000,0.75,0.1,154000,0.0
100000,200000,0.75,0.1,155000,0.0
100000,200000,0.75,0.1,156000,0.0
100000,200000,0.75,0.1,157000,0.0
100000,200000,0.75,0.1,158000,0.0
100000,200000,0.75,0.1,159000,0.0
100000,200000,0.75,0.1,160000,0.0
100000,200000,0.75,0.1,161000,0.0
100000,200000,0.75,0.1,162000,0.0
100000,200000,0.75,0.1,163000,0.0
100000,200000,0.75,0.1,164000,0.0
100000,200000,0.75,0.1,165000,0.0
100000,200000,0.75,0.1,166000,0.0
100000,200000,0.75,0.1,167000,0.0
100000,200000,0.75,0.1,168000,0.0
100000,200000,0.75,0.1,169000,0.0
100000,200000,0.75,0.1,170000,0.0
100000,200000,0.75,0.1,171000,0.0
100000,200000,0.75,0.1,172000,0.0
100000,200000,0.75,0.1,173000,0.0
100000,200000,0.75,0.1,174000,0.0
100000,200000,0.75,0.1,175000,0.0
100000,200000,0.75,0.1,176000,0.0
100000,200000,0.75,0.1,177000,0.0
100000,200000,0.75,0.1,178000,0.0
100000,200000,0.75,0.1,179000,0.0
100000,200000,0.75,0.1,180000,0.0
100000,200000,0.75,0.1,181000,0.0
100000,200000,0.75,0.1,182000,0.0
100000,200000,0.75,0.1,183000,0.0
100000,200000,0.75,0.1,184000,0.0
100000,200000,0.75,0.1,185000,0.0
100000,200000,0.75,0.1,186000,0.0
100000,200000,0.75,0.1,187000,0.0
100000,200000,0.75,0.1,188000,0.0
100000,200000,0.75,0.1,189000,0.0
100000,200000,0.75,0.1,190000,0.0
100000,200000,0.75,0.1,191000,0.0
100000,200000,0.75,0.1,192000,0.0
100000,200000,0.75,0.1,193000,0.0
100000,200000,0.75,0.1,194000,0.0
100000,200000,0.75,0.1,195000,0.0
100000,200000,0.75,0.1,196000,0.0
100000,200000,0.75,0.1,197000,0.0
100000,200000,0.75,0.1,198000,0.0
100000,200000,0.75,0.1,199000,0.0
100000,200000,0.75,0.2,0,0.81766
100000,200000,0.75,0.2,1000,0.0
100000,200000,0.75,0.2,2000,0.0
100000,200000,0.75,0.2,3000,0.0
100000,200000,0.75,0.2,4000,0.0
100000,200000,0.75,0.2,5000,0.0
100000,200000,0.75,0.2,6000,0.0
100000,200000,0.75,0.2,7000,0.0
100000,200000,0.75,0.2,8000,0.0
100000,200000,0.75,0.2,9000,0.0
100000,200000,0.75,0.2,10000,0.0
100000,200000,0.75,0.2,11000,0.0
100000,200000,0.75,0.2,12000,0.0
100000,200000,0.75,0.2,13000,0.0
100000,200000,0.75,0.2,14000,0.0
100000,200000,0.75,0.2,15000,0.0
100000,200000,0.75,0.2,16000,0.0
100000,200000,0.75,0.2,17000,0.0
100000,200000,0.75,0.2,18000,0.0
100000,200000,0.75,0.2,19000,0.0
100000,200000,0.75,0.2,20000,0.0
100000,200000,0.75,0.2,21000,0.0
100000,200000,0.75,0.2,22000,0.0
100000,200000,0.75,0.2,23000,0.0
100000,200000,0.75,0.2,24000,0.0
100000,200000,0.75,0.2,25000,0.0
100000,200000,0.75,0.2,26000,0.0
100000,200000,0.75,0.2,27000,0.0
100000,200000,0.75,0.2,28000,0.0
100000,200000,0.75,0.2,29000,0.0
100000,200000,0.75,0.2,30000,0.0
100000,200000,0.75,0.2,31000,0.0
100000,200000,0.75,0.2,32000,0.0
100000,200000,0.75,0.2,33000,0.0
100000,200000,0.75,0.2,34000,0.0
100000,200000,0.75,0.2,35000,0.0
100000,200000,0.75,0.2,36000,0.0
100000,200000,0.75,0.2,37000,0.0
100000,200000,0.75,0.2,38000,0.0
100000,200000,0.75,0.2,39000,0.0
100000,200000,0.75,0.2,40000,0.0
100000,200000,0.75,0.2,41000,0.0
100000,200000,0.75,0.2,42000,0.0
100000,200000,0.75,0.2,43000,0.0
100000,200000,0.75,0.2,44000,0.0
100000,200000,0.75,0.2,45000,0.0
100000,200000,0.75,0.2,46000,0.0
100000,200000,0.75,0.2,47000,0.0
100000,200000,0.75,0.2,48000,0.0
100000,200000,0.75,0.2,49000,0.0
100000,200000,0.75,0.2,50000,0.0
100000,200000,0.75,0.2,51000,0.0
100000,200000,0.75,0.2,52000,0.0
100000,200000,0.75,0.2,53000,0.0
100000,200000,0.75,0.2,54000,0.0
100000,200000,0.75,0.2,55000,0.0
100000,200000,0.75,0.2,56000,0.0
100000,200000,0.75,0.2,57000,0.0
100000,200000,0.75,0.2,58000,0.0
100000,200000,0.75,0.2,59000,0.0
100000,200000,0.75,0.2,60000,0.0
100000,200000,0.75,0.2,61000,0.0
100000,200000,0.75,0.2,62000,0.0
100000,200000,0.75,0.2,63000,0.0
100000,200000,0.75,0.2,64000,0.0
100000,200000,0.75,0.2,65000,0.0
100000,200000,0.75,0.2,66000,0.0
100000,200000,0.75,0.2,67000,0.0
100000,200000,0.75,0.2,68000,0.0
100000,200000,0.75,0.2,69000,0.0
100000,200000,0.75,0.2,70000,0.0
100000,200000,0.75,0.2,71000,0.0
100000,200000,0.75,0.2,72000,0.0
100000,200000,0.75,0.2,73000,0.0
100000,200000,0.75,0.2,74000,0.0
100000,200000,0.75,0.2,75000,0.0
100000,200000,0.75,0.2,76000,0.0
100000,200000,0.75,0.2,77000,0.0
100000,200000,0.75,0.2,78000,0.0
100000,200000,0.75,0.2,79000,0.0
100000,200000,0.75,0.2,80000,0.0
100000,200000,0.75,0.2,81000,0.0
100000,200000,0.75,0.2,82000,0.0
100000,200000,0.75,0.2,83000,0.0
100000,200000,0.75,0.2,84000,0.0
100000,200000,0.75,0.2,85000,0.0
100000,200000,0.75,0.2,86000,0.0
100000,200000,0.75,0.2,87000,0.0
100000,200000,0.75,0.2,88000,0.0
100000,200000,0.75,0.2,89000,0.0
100000,200000,0.75,0.2,90000,0.0
100000,200000,0.75,0.2,91000,0.0
100000,200000,0.75,0.2,92000,0.0
100000,200000,0.75,0.2,93000,0.0
100000,200000,0.75,0.2,94000,0.0
100000,200000,0.75,0.2,95000,0.0
100000,200000,0.75,0.2,96000,0.0
100000,200000,0.75,0.2,97000,0.0
100000,200000,0.75,0.2,98000,0.0
100000,200000,0.75,0.2,99000,0.0
100000,200000,0.75,0.2,100000,0.0
100000,200000,0.75,0.2,101000,0.0
100000,200000,0.75,0.2,102000,0.0
100000,200000,0.75,0.2,103000,0.0
100000,200000,0.75,0.2,104000,0.0
100000,200000,0.75,0.2,105000,0.0
100000,200000,0.75,0.2,106000,0.0
100000,200000,0.75,0.2,107000,0.0
100000,200000,0.75,0.2,108000,0.0
100000,200000,0.75,0.2,109000,0.0
100000,200000,0.75,0.2,110000,0.0
100000,200000,0.75,0.2,111000,0.0
100000,200000,0.75,0.2,112000,0.0
100000,200000,0.75,0.2,113000,0.0
100000,200000,0.75,0.2,114000,0.0
100000,200000,0.75,0.2,115000,0.0
100000,200000,0.75,0.2,116000,0.0
100000,200000,0.75,0.2,117000,0.0
100000,200000,0.75,0.2,118000,0.0
100000,200000,0.75,0.2,119000,0.0
100000,200000,0.75,0.2,120000,0.0
100000,200000,0.75,0.2,121000,0.0
100000,200000,0.75,0.2,122000,0.0
100000,200000,0.75,0.2,123000,0.0
100000,200000,0.75,0.2,124000,0.0
100000,200000,0.75,0.2,125000,0.0
100000,200000,0.75,0.2,126000,0.0
100000,200000,0.75,0.2,127000,0.0
100000,200000,0.75,0.2,128000,0.0
100000,200000,0.75,0.2,129000,0.0
100000,200000,0.75,0.2,130000,0.0
100000,200000,0.75,0.2,131000,0.0
100000,200000,0.75,0.2,132000,0.0
100000,200000,0.75,0.2,133000,0.0
100000,200000,0.75,0.2,134000,0.0
100000,200000,0.75,0.2,135000,0.0
100000,200000,0.75,0.2,136000,0.0
100000,200000,0.75,0.2,137000,0.0
100000,200000,0.75,0.2,138000,0.0
100000,200000,0.75,0.2,139000,0.0
100000,200000,0.75,0.2,140000,0.0
100000,200000,0.75,0.2,141000,0.0
100000,200000,0.75,0.2,142000,0.0
100000,200000,0.75,0.2,143000,0.0
100000,200000,0.75,0.2,144000,0.0
100000,200000,0.75,0.2,145000,0.0
100000,200000,0.75,0.2,146000,0.0
100000,200000,0.75,0.2,147000,0.0
100000,200000,0.75,0.2,148000,0.0
100000,200000,0.75,0.2,149000,0.0
100000,200000,0.75,0.2,150000,0.0
100000,200000,0.75,0.2,151000,0.0
100000,200000,0.75,0.2,152000,0.0
100000,200000,0.75,0.2,153000,0.0
100000,200000,0.75,0.2,154000,0.0
100000,200000,0.75,0.2,155000,0.0
100000,200000,0.75,0.2,156000,0.0
100000,200000,0.75,0.2,157000,0.0
100000,200000,0.75,0.2,158000,0.0
100000,200000,0.75,0.2,159000,0.0
100000,200000,0.75,0.2,160000,0.0
100000,200000,0.75,0.2,161000,0.0
100000,200000,0.75,0.2,162000,0.0
100000,200000,0.75,0.2,163000,0.0
100000,200000,0.75,0.2,164000,0.0
100000,200000,0.75,0.2,165000,0.0
100000,200000,0.75,0.2,166000,0.0
100000,200000,0.75,0.2,167000,0.0
100000,200000,0.75,0.2,168000,0.0
100000,200000,0.75,0.2,169000,0.0
100000,200000,0.75,0.2,170000,0.0
100000,200000,0.75,0.2,171000,0.0
100000,200000,0.75,0.2,172000,0.0
100000,200000,0.75,0.2,173000,0.0
100000,200000,0.75,0.2,174000,0.0
100000,200000,0.75,0.2,175000,0.0
100000,200000,0.75,0.2,176000,0.0
100000,200000,0.75,0.2,177000,0.0
100000,200000,0.75,0.2,178000,0.0
100000,200000,0.75,0.2,179000,0.0
100000,200000,0.75,0.2,180000,0.0
100000,200000,0.75,0.2,181000,0.0
100000,200000,0.75,0.2,182000,0.0
100000,200000,0.75,0.2,183000,0.0
100000,200000,0.75,0.2,184000,0.0
100000,200000,0.75,0.2,185000,0.0
100000,200000,0.75,0.2,186000,0.0
100000,200000,0.75,0.2,187000,0.0
100000,200000,0.75,0.2,188000,0.0
100000,200000,0.75,0.2,189000,0.0
100000,200000,0.75,0.2,190000,0.0
100000,200000,0.75,0.2,191000,0.0
100000,200000,0.75,0.2,192000,0.0
100000,200000,0.75,0.2,193000,0.0
100000,200000,0.75,0.2,194000,0.0
100000,200000,0.75,0.2,195000,0.0
100000,200000,0.75,0.2,196000,0.0
100000,200000,0.75,0.2,197000,0.0
100000,200000,0.75,0.2,198000,0.0
100000,200000,0.75,0.2,199000,0.0
100000,200000,0.75,0.30000000000000004,0,0.85075
100000,200000,0.75,0.30000000000000004,1000,0.0
100000,200000,0.75,0.30000000000000004,2000,0.0
100000,200000,0.75,0.30000000000000004,3000,0.0
100000,200000,0.75,0.30000000000000004,4000,0.0
100000,200000,0.75,0.30000000000000004,5000,0.0
100000,200000,0.75,0.30000000000000004,6000,0.0
100000,200000,0.75,0.30000000000000004,7000,0.0
100000,200000,0.75,0.30000000000000004,8000,0.0
100000,200000,0.75,0.30000000000000004,9000,0.0
100000,200000,0.75,0.30000000000000004,10000,0.0
100000,200000,0.75,0.30000000000000004,11000,0.0
100000,200000,0.75,0.30000000000000004,12000,0.0
100000,200000,0.75,0.30000000000000004,13000,0.0
100000,200000,0.75,0.30000000000000004,14000,0.0
100000,200000,0.75,0.30000000000000004,15000,0.0
100000,200000,0.75,0.30000000000000004,16000,0.0
100000,200000,0.75,0.30000000000000004,17000,0.0
100000,200000,0.75,0.30000000000000004,18000,0.0
100000,200000,0.75,0.30000000000000004,19000,0.0
100000,200000,0.75,0.30000000000000004,20000,0.0
100000,200000,0.75,0.30000000000000004,21000,0.0
100000,200000,0.75,0.30000000000000004,22000,0.0
100000,200000,0.75,0.30000000000000004,23000,0.0
100000,200000,0.75,0.30000000000000004,24000,0.0
100000,200000,0.75,0.30000000000000004,25000,0.0
100000,200000,0.75,0.30000000000000004,26000,0.0
100000,200000,0.75,0.30000000000000004,27000,0.0
100000,200000,0.75,0.30000000000000004,28000,0.0
100000,200000,0.75,0.30000000000000004,29000,0.0
100000,200000,0.75,0.30000000000000004,30000,0.0
100000,200000,0.75,0.30000000000000004,31000,0.0
100000,200000,0.75,0.30000000000000004,32000,0.0
100000,200000,0.75,0.30000000000000004,33000,0.0
100000,200000,0.75,0.30000000000000004,34000,0.0
100000,200000,0.75,0.30000000000000004,35000,0.0
100000,200000,0.75,0.30000000000000004,36000,0.0
100000,200000,0.75,0.30000000000000004,37000,0.0
100000,200000,0.75,0.30000000000000004,38000,0.0
100000,200000,0.75,0.30000000000000004,39000,0.0
100000,200000,0.75,0.30000000000000004,40000,0.0
100000,200000,0.75,0.30000000000000004,41000,0.0
100000,200000,0.75,0.30000000000000004,42000,0.0
100000,200000,0.75,0.30000000000000004,43000,0.0
100000,200000,0.75,0.30000000000000004,44000,0.0
100000,200000,0.75,0.30000000000000004,45000,0.0
100000,200000,0.75,0.30000000000000004,46000,0.0
100000,200000,0.75,0.30000000000000004,47000,0.0
100000,200000,0.75,0.30000000000000004,48000,0.0
100000,200000,0.75,0.30000000000000004,49000,0.0
100000,200000,0.75,0.30000000000000004,50000,0.0
100000,200000,0.75,0.30000000000000004,51000,0.0
100000,200000,0.75,0.30000000000000004,52000,0.0
100000,200000,0.75,0.30000000000000004,53000,0.0
100000,200000,0.75,0.30000000000000004,54000,0.0
100000,200000,0.75,0.30000000000000004,55000,0.0
100000,200000,0.75,0.30000000000000004,56000,0.0
100000,200000,0.75,0.30000000000000004,57000,0.0
100000,200000,0.75,0.30000000000000004,58000,0.0
100000,200000,0.75,0.30000000000000004,59000,0.0
100000,200000,0.75,0.30000000000000004,60000,0.0
100000,200000,0.75,0.30000000000000004,61000,0.0
100000,200000,0.75,0.30000000000000004,62000,0.0
100000,200000,0.75,0.30000000000000004,63000,0.0
100000,200000,0.75,0.30000000000000004,64000,0.0
100000,200000,0.75,0.30000000000000004,65000,0.0
100000,200000,0.75,0.30000000000000004,66000,0.0
100000,200000,0.75,0.30000000000000004,67000,0.0
100000,200000,0.75,0.30000000000000004,68000,0.0
100000,200000,0.75,0.30000000000000004,69000,0.0
100000,200000,0.75,0.30000000000000004,70000,0.0
100000,200000,0.75,0.30000000000000004,71000,0.0
100000,200000,0.75,0.30000000000000004,72000,0.0
100000,200000,0.75,0.30000000000000004,73000,0.0
100000,200000,0.75,0.30000000000000004,74000,0.0
100000,200000,0.75,0.30000000000000004,75000,0.0
100000,200000,0.75,0.30000000000000004,76000,0.0
100000,200000,0.75,0.30000000000000004,77000,0.0
100000,200000,0.75,0.30000000000000004,78000,0.0
100000,200000,0.75,0.30000000000000004,79000,0.0
100000,200000,0.75,0.30000000000000004,80000,0.0
100000,200000,0.75,0.30000000000000004,81000,0.0
100000,200000,0.75,0.30000000000000004,82000,0.0
100000,200000,0.75,0.30000000000000004,83000,0.0
100000,200000,0.75,0.30000000000000004,84000,0.0
100000,200000,0.75,0.30000000000000004,85000,0.0
100000,200000,0.75,0.30000000000000004,86000,0.0
100000,200000,0.75,0.30000000000000004,87000,0.0
100000,200000,0.75,0.30000000000000004,88000,0.0
100000,200000,0.75,0.30000000000000004,89000,0.0
100000,200000,0.75,0.30000000000000004,90000,0.0
100000,200000,0.75,0.30000000000000004,91000,0.0
100000,200000,0.75,0.30000000000000004,92000,0.0
100000,200000,0.75,0.30000000000000004,93000,0.0
100000,200000,0.75,0.30000000000000004,94000,0.0
100000,200000,0.75,0.30000000000000004,95000,0.0
100000,200000,0.75,0.30000000000000004,96000,0.0
100000,200000,0.75,0.30000000000000004,97000,0.0
100000,200000,0.75,0.30000000000000004,98000,0.0
100000,200000,0.75,0.30000000000000004,99000,0.0
100000,200000,0.75,0.30000000000000004,100000,0.0
100000,200000,0.75,0.30000000000000004,101000,0.0
100000,200000,0.75,0.30000000000000004,102000,0.0
100000,200000,0.75,0.30000000000000004,103000,0.0
100000,200000,0.75,0.30000000000000004,104000,0.0
100000,200000,0.75,0.30000000000000004,105000,0.0
100000,200000,0.75,0.30000000000000004,106000,0.0
100000,200000,0.75,0.30000000000000004,107000,0.0
100000,200000,0.75,0.30000000000000004,108000,0.0
100000,200000,0.75,0.30000000000000004,109000,0.0
100000,200000,0.75,0.30000000000000004,110000,0.0
100000,200000,0.75,0.30000000000000004,111000,0.0
100000,200000,0.75,0.30000000000000004,112000,0.0
100000,200000,0.75,0.30000000000000004,113000,0.0
100000,200000,0.75,0.30000000000000004,114000,0.0
100000,200000,0.75,0.30000000000000004,115000,0.0
100000,200000,0.75,0.30000000000000004,116000,0.0
100000,200000,0.75,0.30000000000000004,117000,0.0
100000,200000,0.75,0.30000000000000004,118000,0.0
100000,200000,0.75,0.30000000000000004,119000,0.0
100000,200000,0.75,0.30000000000000004,120000,0.0
100000,200000,0.75,0.30000000000000004,121000,0.0
100000,200000,0.75,0.30000000000000004,122000,0.0
100000,200000,0.75,0.30000000000000004,123000,0.0
100000,200000,0.75,0.30000000000000004,124000,0.0
100000,200000,0.75,0.30000000000000004,125000,0.0
100000,200000,0.75,0.30000000000000004,126000,0.0
100000,200000,0.75,0.30000000000000004,127000,0.0
100000,200000,0.75,0.30000000000000004,128000,0.0
100000,200000,0.75,0.30000000000000004,129000,0.0
100000,200000,0.75,0.30000000000000004,130000,0.0
100000,200000,0.75,0.30000000000000004,131000,0.0
100000,200000,0.75,0.30000000000000004,132000,0.0
100000,200000,0.75,0.30000000000000004,133000,0.0
100000,200000,0.75,0.30000000000000004,134000,0.0
100000,200000,0.75,0.30000000000000004,135000,0.0
100000,200000,0.75,0.30000000000000004,136000,0.0
100000,200000,0.75,0.30000000000000004,137000,0.0
100000,200000,0.75,0.30000000000000004,138000,0.0
100000,200000,0.75,0.30000000000000004,139000,0.0
100000,200000,0.75,0.30000000000000004,140000,0.0
100000,200000,0.75,0.30000000000000004,141000,0.0
100000,200000,0.75,0.30000000000000004,142000,0.0
100000,200000,0.75,0.30000000000000004,143000,0.0
100000,200000,0.75,0.30000000000000004,144000,0.0
100000,200000,0.75,0.30000000000000004,145000,0.0
100000,200000,0.75,0.30000000000000004,146000,0.0
100000,200000,0.75,0.30000000000000004,147000,0.0
100000,200000,0.75,0.30000000000000004,148000,0.0
100000,200000,0.75,0.30000000000000004,149000,0.0
100000,200000,0.75,0.30000000000000004,150000,0.0
100000,200000,0.75,0.30000000000000004,151000,0.0
100000,200000,0.75,0.30000000000000004,152000,0.0
100000,200000,0.75,0.30000000000000004,153000,0.0
100000,200000,0.75,0.30000000000000004,154000,0.0
100000,200000,0.75,0.30000000000000004,155000,0.0
100000,200000,0.75,0.30000000000000004,156000,0.0
100000,200000,0.75,0.30000000000000004,157000,0.0
100000,200000,0.75,0.30000000000000004,158000,0.0
100000,200000,0.75,0.30000000000000004,159000,0.0
100000,200000,0.75,0.30000000000000004,160000,0.0
100000,200000,0.75,0.30000000000000004,161000,0.0
100000,200000,0.75,0.30000000000000004,162000,0.0
100000,200000,0.75,0.30000000000000004,163000,0.0
100000,200000,0.75,0.30000000000000004,164000,0.0
100000,200000,0.75,0.30000000000000004,165000,0.0
100000,200000,0.75,0.30000000000000004,166000,0.0
100000,200000,0.75,0.30000000000000004,167000,0.0
100000,200000,0.75,0.30000000000000004,168000,0.0
100000,200000,0.75,0.30000000000000004,169000,0.0
100000,200000,0.75,0.30000000000000004,170000,0.0
100000,200000,0.75,0.30000000000000004,171000,0.0
100000,200000,0.75,0.30000000000000004,172000,0.0
100000,200000,0.75,0.30000000000000004,173000,0.0
100000,200000,0.75,0.30000000000000004,174000,0.0
100000,200000,0.75,0.30000000000000004,175000,0.0
100000,200000,0.75,0.30000000000000004,176000,0.0
100000,200000,0.75,0.30000000000000004,177000,0.0
100000,200000,0.75,0.30000000000000004,178000,0.0
100000,200000,0.75,0.30000000000000004,179000,0.0
100000,200000,0.75,0.30000000000000004,180000,0.0
100000,200000,0.75,0.30000000000000004,181000,0.0
100000,200000,0.75,0.30000000000000004,182000,0.0
100000,200000,0.75,0.30000000000000004,183000,0.0
100000,200000,0.75,0.30000000000000004,184000,0.0
100000,200000,0.75,0.30000000000000004,185000,0.0
100000,200000,0.75,0.30000000000000004,186000,0.0
100000,200000,0.75,0.30000000000000004,187000,0.0
100000,200000,0.75,0.30000000000000004,188000,0.0
100000,200000,0.75,0.30000000000000004,189000,0.0
100000,200000,0.75,0.30000000000000004,190000,0.0
100000,200000,0.75,0.30000000000000004,191000,0.0
100000,200000,0.75,0.30000000000000004,192000,0.0
100000,200000,0.75,0.30000000000000004,193000,0.0
100000,200000,0.75,0.30000000000000004,194000,0.0
100000,200000,0.75,0.30000000000000004,195000,0.0
100000,200000,0.75,0.30000000000000004,196000,0.0
100000,200000,0.75,0.30000000000000004,197000,0.0
100000,200000,0.75,0.30000000000000004,198000,0.0
100000,200000,0.75,0.30000000000000004,199000,0.0
100000,200000,0.75,0.4,0,0.87935
100000,200000,0.75,0.4,1000,0.00263
100000,200000,0.75,0.4,2000,0.0
100000,200000,0.75,0.4,3000,0.0
100000,200000,0.75,0.4,4000,0.0
100000,200000,0.75,0.4,5000,0.0
100000,200000,0.75,0.4,6000,0.0
100000,200000,0.75,0.4,7000,0.0
100000,200000,0.75,0.4,8000,0.0
100000,200000,0.75,0.4,9000,0.0
100000,200000,0.75,0.4,10000,0.0
100000,200000,0.75,0.4,11000,0.0
100000,200000,0.75,0.4,12000,0.0
100000,200000,0.75,0.4,13000,0.0
100000,200000,0.75,0.4,14000,0.0
100000,200000,0.75,0.4,15000,0.0
100000,200000,0.75,0.4,16000,0.0
100000,200000,0.75,0.4,17000,0.0
100000,200000,0.75,0.4,18000,0.0
100000,200000,0.75,0.4,19000,0.0
100000,200000,0.75,0.4,20000,0.0
100000,200000,0.75,0.4,21000,0.0
100000,200000,0.75,0.4,22000,0.0
100000,200000,0.75,0.4,23000,0.0
100000,200000,0.75,0.4,24000,0.0
100000,200000,0.75,0.4,25000,0.0
100000,200000,0.75,0.4,26000,0.0
100000,200000,0.75,0.4,27000,0.0
100000,200000,0.75,0.4,28000,0.0
100000,200000,0.75,0.4,29000,0.0
100000,200000,0.75,0.4,30000,0.0
100000,200000,0.75,0.4,31000,0.0
100000,200000,0.75,0.4,32000,0.0
100000,200000,0.75,0.4,33000,0.0
100000,200000,0.75,0.4,34000,0.0
100000,200000,0.75,0.4,35000,0.0
100000,200000,0.75,0.4,36000,0.0
100000,200000,0.75,0.4,37000,0.0
100000,200000,0.75,0.4,38000,0.0
100000,200000,0.75,0.4,39000,0.0
100000,200000,0.75,0.4,40000,0.0
100000,200000,0.75,0.4,41000,0.0
100000,200000,0.75,0.4,42000,0.0
100000,200000,0.75,0.4,43000,0.0
100000,200000,0.75,0.4,44000,0.0
100000,200000,0.75,0.4,45000,0.0
100000,200000,0.75,0.4,46000,0.0
100000,200000,0.75,0.4,47000,0.0
100000,200000,0.75,0.4,48000,0.0
100000,200000,0.75,0.4,49000,0.0
100000,200000,0.75,0.4,50000,0.0
100000,200000,0.75,0.4,51000,0.0
100000,200000,0.75,0.4,52000,0.0
100000,200000,0.75,0.4,53000,0.0
100000,200000,0.75,0.4,54000,0.0
100000,200000,0.75,0.4,55000,0.0
100000,200000,0.75,0.4,56000,0.0
100000,200000,0.75,0.4,57000,0.0
100000,200000,0.75,0.4,58000,0.0
100000,200000,0.75,0.4,59000,0.0
100000,200000,0.75,0.4,60000,0.0
100000,200000,0.75,0.4,61000,0.0
100000,200000,0.75,0.4,62000,0.0
100000,200000,0.75,0.4,63000,0.0
100000,200000,0.75,0.4,64000,0.0
100000,200000,0.75,0.4,65000,0.0
100000,200000,0.75,0.4,66000,0.0
100000,200000,0.75,0.4,67000,0.0
100000,200000,0.75,0.4,68000,0.0
100000,200000,0.75,0.4,69000,0.0
100000,200000,0.75,0.4,70000,0.0
100000,200000,0.75,0.4,71000,0.0
100000,200000,0.75,0.4,72000,0.0
100000,200000,0.75,0.4,73000,0.0
100000,200000,0.75,0.4,74000,0.0
100000,200000,0.75,0.4,75000,0.0
100000,200000,0.75,0.4,76000,0.0
100000,200000,0.75,0.4,77000,0.0
100000,200000,0.75,0.4,78000,0.0
100000,200000,0.75,0.4,79000,0.0
100000,200000,0.75,0.4,80000,0.0
100000,200000,0.75,0.4,81000,0.0
100000,200000,0.75,0.4,82000,0.0
100000,200000,0.75,0.4,83000,0.0
100000,200000,0.75,0.4,84000,0.0
100000,200000,0.75,0.4,85000,0.0
100000,200000,0.75,0.4,86000,0.0
100000,200000,0.75,0.4,87000,0.0
100000,200000,0.75,0.4,88000,0.0
100000,200000,0.75,0.4,89000,0.0
100000,200000,0.75,0.4,90000,0.0
100000,200000,0.75,0.4,91000,0.0
100000,200000,0.75,0.4,92000,0.0
100000,200000,0.75,0.4,93000,0.0
100000,200000,0.75,0.4,94000,0.0
100000,200000,0.75,0.4,95000,0.0
100000,200000,0.75,0.4,96000,0.0
100000,200000,0.75,0.4,97000,0.0
100000,200000,0.75,0.4,98000,0.0
100000,200000,0.75,0.4,99000,0.0
100000,200000,0.75,0.4,100000,0.0
100000,200000,0.75,0.4,101000,0.0
100000,200000,0.75,0.4,102000,0.0
100000,200000,0.75,0.4,103000,0.0
100000,200000,0.75,0.4,104000,0.0
100000,200000,0.75,0.4,105000,0.0
100000,200000,0.75,0.4,106000,0.0
100000,200000,0.75,0.4,107000,0.0
100000,200000,0.75,0.4,108000,0.0
100000,200000,0.75,0.4,109000,0.0
100000,200000,0.75,0.4,110000,0.0
100000,200000,0.75,0.4,111000,0.0
100000,200000,0.75,0.4,112000,0.0
100000,200000,0.75,0.4,113000,0.0
100000,200000,0.75,0.4,114000,0.0
100000,200000,0.75,0.4,115000,0.0
100000,200000,0.75,0.4,116000,0.0
100000,200000,0.75,0.4,117000,0.0
100000,200000,0.75,0.4,118000,0.0
100000,200000,0.75,0.4,119000,0.0
100000,200000,0.75,0.4,120000,0.0
100000,200000,0.75,0.4,121000,0.0
100000,200000,0.75,0.4,122000,0.0
100000,200000,0.75,0.4,123000,0.0
100000,200000,0.75,0.4,124000,0.0
100000,200000,0.75,0.4,125000,0.0
100000,200000,0.75,0.4,126000,0.0
100000,200000,0.75,0.4,127000,0.0
100000,200000,0.75,0.4,128000,0.0
100000,200000,0.75,0.4,129000,0.0
100000,200000,0.75,0.4,130000,0.0
100000,200000,0.75,0.4,131000,0.0
100000,200000,0.75,0.4,132000,0.0
100000,200000,0.75,0.4,133000,0.0
100000,200000,0.75,0.4,134000,0.0
100000,200000,0.75,0.4,135000,0.0
100000,200000,0.75,0.4,136000,0.0
100000,200000,0.75,0.4,137000,0.0
100000,200000,0.75,0.4,138000,0.0
100000,200000,0.75,0.4,139000,0.0
100000,200000,0.75,0.4,140000,0.0
100000,200000,0.75,0.4,141000,0.0
100000,200000,0.75,0.4,142000,0.0
100000,200000,0.75,0.4,143000,0.0
100000,200000,0.75,0.4,144000,0.0
100000,200000,0.75,0.4,145000,0.0
100000,200000,0.75,0.4,146000,0.0
100000,200000,0.75,0.4,147000,0.0
100000,200000,0.75,0.4,148000,0.0
100000,200000,0.75,0.4,149000,0.0
100000,200000,0.75,0.4,150000,0.0
100000,200000,0.75,0.4,151000,0.0
100000,200000,0.75,0.4,152000,0.0
100000,200000,0.75,0.4,153000,0.0
100000,200000,0.75,0.4,154000,0.0
100000,200000,0.75,0.4,155000,0.0
100000,200000,0.75,0.4,156000,0.0
100000,200000,0.75,0.4,157000,0.0
100000,200000,0.75,0.4,158000,0.0
100000,200000,0.75,0.4,159000,0.0
100000,200000,0.75,0.4,160000,0.0
100000,200000,0.75,0.4,161000,0.0
100000,200000,0.75,0.4,162000,0.0
100000,200000,0.75,0.4,163000,0.0
100000,200000,0.75,0.4,164000,0.0
100000,200000,0.75,0.4,165000,0.0
100000,200000,0.75,0.4,166000,0.0
100000,200000,0.75,0.4,167000,0.0
100000,200000,0.75,0.4,168000,0.0
100000,200000,0.75,0.4,169000,0.0
100000,200000,0.75,0.4,170000,0.0
100000,200000,0.75,0.4,171000,0.0
100000,200000,0.75,0.4,172000,0.0
100000,200000,0.75,0.4,173000,0.0
100000,200000,0.75,0.4,174000,0.0
100000,200000,0.75,0.4,175000,0.0
100000,200000,0.75,0.4,176000,0.0
100000,200000,0.75,0.4,177000,0.0
100000,200000,0.75,0.4,178000,0.0
100000,200000,0.75,0.4,179000,0.0
100000,200000,0.75,0.4,180000,0.0
100000,200000,0.75,0.4,181000,0.0
100000,200000,0.75,0.4,182000,0.0
100000,200000,0.75,0.4,183000,0.0
100000,200000,0.75,0.4,184000,0.0
100000,200000,0.75,0.4,185000,0.0
100000,200000,0.75,0.4,186000,0.0
100000,200000,0.75,0.4,187000,0.0
100000,200000,0.75,0.4,188000,0.0
100000,200000,0.75,0.4,189000,0.0
100000,200000,0.75,0.4,190000,0.0
100000,200000,0.75,0.4,191000,0.0
100000,200000,0.75,0.4,192000,0.0
100000,200000,0.75,0.4,193000,0.0
100000,200000,0.75,0.4,194000,0.0
100000,200000,0.75,0.4,195000,0.0
100000,200000,0.75,0.4,196000,0.0
100000,200000,0.75,0.4,197000,0.0
100000,200000,0.75,0.4,198000,0.0
100000,200000,0.75,0.4,199000,0.0
100000,200000,0.75,0.5,0,0.90292
100000,200000,0.75,0.5,1000,0.61248
100000,200000,0.75,0.5,2000,0.61172
100000,200000,0.75,0.5,3000,0.61537
100000,200000,0.75,0.5,4000,0.60919
100000,200000,0.75,0.5,5000,0.61109
100000,200000,0.75,0.5,6000,0.61318
100000,200000,0.75,0.5,7000,0.60993
100000,200000,0.75,0.5,8000,0.61128
100000,200000,0.75,0.5,9000,0.60756
100000,200000,0.75,0.5,10000,0.60794
100000,200000,0.75,0.5,11000,0.61744
100000,200000,0.75,0.5,12000,0.61349
100000,200000,0.75,0.5,13000,0.60726
100000,200000,0.75,0.5,14000,0.61572
100000,200000,0.75,0.5,15000,0.60894
100000,200000,0.75,0.5,16000,0.60785
100000,200000,0.75,0.5,17000,0.61317
100000,200000,0.75,0.5,18000,0.60961
100000,200000,0.75,0.5,19000,0.61049
100000,200000,0.75,0.5,20000,0.61178
100000,200000,0.75,0.5,21000,0.60826
100000,200000,0.75,0.5,22000,0.6119
100000,200000,0.75,0.5,23000,0.61237
100000,200000,0.75,0.5,24000,0.61375
100000,200000,0.75,0.5,25000,0.61042
100000,200000,0.75,0.5,26000,0.61314
100000,200000,0.75,0.5,27000,0.6126
100000,200000,0.75,0.5,28000,0.61293
100000,200000,0.75,0.5,29000,0.60004
100000,200000,0.75,0.5,30000,0.61418
100000,200000,0.75,0.5,31000,0.61577
100000,200000,0.75,0.5,32000,0.60528
100000,200000,0.75,0.5,33000,0.61213
100000,200000,0.75,0.5,34000,0.61175
100000,200000,0.75,0.5,35000,0.60542
100000,200000,0.75,0.5,36000,0.60726
100000,200000,0.75,0.5,37000,0.61281
100000,200000,0.75,0.5,38000,0.60987
100000,200000,0.75,0.5,39000,0.60696
100000,200000,0.75,0.5,40000,0.61148
100000,200000,0.75,0.5,41000,0.60551
100000,200000,0.75,0.5,42000,0.61129
100000,200000,0.75,0.5,43000,0.60995
100000,200000,0.75,0.5,44000,0.61131
100000,200000,0.75,0.5,45000,0.60846
100000,200000,0.75,0.5,46000,0.61097
100000,200000,0.75,0.5,47000,0.60782
100000,200000,0.75,0.5,48000,0.60813
100000,200000,0.75,0.5,49000,0.60496
100000,200000,0.75,0.5,50000,0.61208
100000,200000,0.75,0.5,51000,0.61667
100000,200000,0.75,0.5,52000,0.61224
100000,200000,0.75,0.5,53000,0.61027
100000,200000,0.75,0.5,54000,0.61233
100000,200000,0.75,0.5,55000,0.60922
100000,200000,0.75,0.5,56000,0.61427
100000,200000,0.75,0.5,57000,0.61201
100000,200000,0.75,0.5,58000,0.61354
100000,200000,0.75,0.5,59000,0.60813
100000,200000,0.75,0.5,60000,0.60994
100000,200000,0.75,0.5,61000,0.61264
100000,200000,0.75,0.5,62000,0.61135
100000,200000,0.75,0.5,63000,0.60835
100000,200000,0.75,0.5,64000,0.61292
100000,200000,0.75,0.5,65000,0.61283
100000,200000,0.75,0.5,66000,0.61171
100000,200000,0.75,0.5,67000,0.61513
100000,200000,0.75,0.5,68000,0.61335
100000,200000,0.75,0.5,69000,0.61071
100000,200000,0.75,0.5,70000,0.60845
100000,200000,0.75,0.5,71000,0.6102
100000,200000,0.75,0.5,72000,0.61607
100000,200000,0.75,0.5,73000,0.60837
100000,200000,0.75,0.5,74000,0.61558
100000,200000,0.75,0.5,75000,0.62125
100000,200000,0.75,0.5,76000,0.61078
100000,200000,0.75,0.5,77000,0.6051
100000,200000,0.75,0.5,78000,0.61092
100000,200000,0.75,0.5,79000,0.60805
100000,200000,0.75,0.5,80000,0.60999
100000,200000,0.75,0.5,81000,0.61134
100000,200000,0.75,0.5,82000,0.61233
100000,200000,0.75,0.5,83000,0.60955
100000,200000,0.75,0.5,84000,0.6114
100000,200000,0.75,0.5,85000,0.60936
100000,200000,0.75,0.5,86000,0.60864
100000,200000,0.75,0.5,87000,0.60698
100000,200000,0.75,0.5,88000,0.6075
100000,200000,0.75,0.5,89000,0.60874
100000,200000,0.75,0.5,90000,0.6101
100000,200000,0.75,0.5,91000,0.60494
100000,200000,0.75,0.5,92000,0.61556
100000,200000,0.75,0.5,93000,0.60771
100000,200000,0.75,0.5,94000,0.61301
100000,200000,0.75,0.5,95000,0.60907
100000,200000,0.75,0.5,96000,0.60683
100000,200000,0.75,0.5,97000,0.61398
100000,200000,0.75,0.5,98000,0.61271
100000,200000,0.75,0.5,99000,0.61145
100000,200000,0.75,0.5,100000,0.61188
100000,200000,0.75,0.5,101000,0.60866
100000,200000,0.75,0.5,102000,0.60703
100000,200000,0.75,0.5,103000,0.61799
100000,200000,0.75,0.5,104000,0.60944
100000,200000,0.75,0.5,105000,0.61395
100000,200000,0.75,0.5,106000,0.60943
100000,200000,0.75,0.5,107000,0.60903
100000,200000,0.75,0.5,108000,0.6145
100000,200000,0.75,0.5,109000,0.61094
100000,200000,0.75,0.5,110000,0.61093
100000,200000,0.75,0.5,111000,0.60355
100000,200000,0.75,0.5,112000,0.61007
100000,200000,0.75,0.5,113000,0.60777
100000,200000,0.75,0.5,114000,0.60819
100000,200000,0.75,0.5,115000,0.60991
100000,200000,0.75,0.5,116000,0.61108
100000,200000,0.75,0.5,117000,0.6072
100000,200000,0.75,0.5,118000,0.60954
100000,200000,0.75,0.5,119000,0.6118
100000,200000,0.75,0.5,120000,0.61151
100000,200000,0.75,0.5,121000,0.61297
100000,200000,0.75,0.5,122000,0.61304
100000,200000,0.75,0.5,123000,0.60962
100000,200000,0.75,0.5,124000,0.61191
100000,200000,0.75,0.5,125000,0.61294
100000,200000,0.75,0.5,126000,0.61219
100000,200000,0.75,0.5,127000,0.60778
100000,200000,0.75,0.5,128000,0.61449
100000,200000,0.75,0.5,129000,0.61157
100000,200000,0.75,0.5,130000,0.61364
100000,200000,0.75,0.5,131000,0.61538
100000,200000,0.75,0.5,132000,0.60986
100000,200000,0.75,0.5,133000,0.61043
100000,200000,0.75,0.5,134000,0.60865
100000,200000,0.75,0.5,135000,0.60898
100000,200000,0.75,0.5,136000,0.60929
100000,200000,0.75,0.5,137000,0.61028
100000,200000,0.75,0.5,138000,0.61573
100000,200000,0.75,0.5,139000,0.60804
100000,200000,0.75,0.5,140000,0.60983
100000,200000,0.75,0.5,141000,0.60751
100000,200000,0.75,0.5,142000,0.60836
100000,200000,0.75,0.5,143000,0.61228
100000,200000,0.75,0.5,144000,0.61308
100000,200000,0.75,0.5,145000,0.61331
100000,200000,0.75,0.5,146000,0.60364
100000,200000,0.75,0.5,147000,0.61414
100000,200000,0.75,0.5,148000,0.61306
100000,200000,0.75,0.5,149000,0.61085
100000,200000,0.75,0.5,150000,0.61392
100000,200000,0.75,0.5,151000,0.60729
100000,200000,0.75,0.5,152000,0.61337
100000,200000,0.75,0.5,153000,0.6025
100000,200000,0.75,0.5,154000,0.60644
100000,200000,0.75,0.5,155000,0.60521
100000,200000,0.75,0.5,156000,0.61025
100000,200000,0.75,0.5,157000,0.61023
100000,200000,0.75,0.5,158000,0.61166
100000,200000,0.75,0.5,159000,0.60915
100000,200000,0.75,0.5,160000,0.60751
100000,200000,0.75,0.5,161000,0.6086
100000,200000,0.75,0.5,162000,0.60397
100000,200000,0.75,0.5,163000,0.6095
100000,200000,0.75,0.5,164000,0.60975
100000,200000,0.75,0.5,165000,0.61027
100000,200000,0.75,0.5,166000,0.61276
100000,200000,0.75,0.5,167000,0.61053
100000,200000,0.75,0.5,168000,0.60789
100000,200000,0.75,0.5,169000,0.6099
100000,200000,0.75,0.5,170000,0.60711
100000,200000,0.75,0.5,171000,0.60865
100000,200000,0.75,0.5,172000,0.6075
100000,200000,0.75,0.5,173000,0.61306
100000,200000,0.75,0.5,174000,0.60506
100000,200000,0.75,0.5,175000,0.61709
100000,200000,0.75,0.5,176000,0.60882
100000,200000,0.75,0.5,177000,0.61525
100000,200000,0.75,0.5,178000,0.61542
100000,200000,0.75,0.5,179000,0.60805
100000,200000,0.75,0.5,180000,0.61367
100000,200000,0.75,0.5,181000,0.61305
100000,200000,0.75,0.5,182000,0.61353
100000,200000,0.75,0.5,183000,0.60867
100000,200000,0.75,0.5,184000,0.60841
100000,200000,0.75,0.5,185000,0.61502
100000,200000,0.75,0.5,186000,0.61222
100000,200000,0.75,0.5,187000,0.61188
100000,200000,0.75,0.5,188000,0.61172
100000,200000,0.75,0.5,189000,0.61044
100000,200000,0.75,0.5,190000,0.61349
100000,200000,0.75,0.5,191000,0.61538
100000,200000,0.75,0.5,192000,0.61346
100000,200000,0.75,0.5,193000,0.61
100000,200000,0.75,0.5,194000,0.61234
100000,200000,0.75,0.5,195000,0.61364
100000,200000,0.75,0.5,196000,0.60632
100000,200000,0.75,0.5,197000,0.60941
100000,200000,0.75,0.5,198000,0.61258
100000,200000,0.75,0.5,199000,0.60722
100000,200000,0.75,0.6,0,0.92335
100000,200000,0.75,0.6,1000,0.80124
100000,200000,0.75,0.6,2000,0.80049
100000,200000,0.75,0.6,3000,0.79629
100000,200000,0.75,0.6,4000,0.8015
100000,200000,0.75,0.6,5000,0.79993
100000,200000,0.75,0.6,6000,0.8002
100000,200000,0.75,0.6,7000,0.80124
100000,200000,0.75,0.6,8000,0.79847
100000,200000,0.75,0.6,9000,0.80243
100000,200000,0.75,0.6,10000,0.80024
100000,200000,0.75,0.6,11000,0.79869
100000,200000,0.75,0.6,12000,0.7966
100000,200000,0.75,0.6,13000,0.80038
100000,200000,0.75,0.6,14000,0.79804
100000,200000,0.75,0.6,15000,0.79887
100000,200000,0.75,0.6,16000,0.79815
100000,200000,0.75,0.6,17000,0.80117
100000,200000,0.75,0.6,18000,0.79417
100000,200000,0.75,0.6,19000,0.79615
100000,200000,0.75,0.6,20000,0.80025
100000,200000,0.75,0.6,21000,0.80125
100000,200000,0.75,0.6,22000,0.80042
100000,200000,0.75,0.6,23000,0.79938
100000,200000,0.75,0.6,24000,0.80115
100000,200000,0.75,0.6,25000,0.80001
100000,200000,0.75,0.6,26000,0.79691
100000,200000,0.75,0.6,27000,0.80347
100000,200000,0.75,0.6,28000,0.79898
100000,200000,0.75,0.6,29000,0.79674
100000,200000,0.75,0.6,30000,0.80035
100000,200000,0.75,0.6,31000,0.80206
100000,200000,0.75,0.6,32000,0.79865
100000,200000,0.75,0.6,33000,0.80421
100000,200000,0.75,0.6,34000,0.79683
100000,200000,0.75,0.6,35000,0.7957
100000,200000,0.75,0.6,36000,0.80153
100000,200000,0.75,0.6,37000,0.79988
100000,200000,0.75,0.6,38000,0.79926
100000,200000,0.75,0.6,39000,0.8005
100000,200000,0.75,0.6,40000,0.79885
100000,200000,0.75,0.6,41000,0.80175
100000,200000,0.75,0.6,42000,0.8013
100000,200000,0.75,0.6,43000,0.79987
100000,200000,0.75,0.6,44000,0.8001
100000,200000,0.75,0.6,45000,0.79962
100000,200000,0.75,0.6,46000,0.80068
100000,200000,0.75,0.6,47000,0.79665
100000,200000,0.75,0.6,48000,0.80054
100000,200000,0.75,0.6,49000,0.80414
100000,200000,0.75,0.6,50000,0.7969
100000,200000,0.75,0.6,51000,0.80055
100000,200000,0.75,0.6,52000,0.80189
100000,200000,0.75,0.6,53000,0.79863
100000,200000,0.75,0.6,54000,0.79718
100000,200000,0.75,0.6,55000,0.79715
100000,200000,0.75,0.6,56000,0.80172
100000,200000,0.75,0.6,57000,0.79894
100000,200000,0.75,0.6,58000,0.80334
100000,200000,0.75,0.6,59000,0.7999
100000,200000,0.75,0.6,60000,0.8015
100000,200000,0.75,0.6,61000,0.80074
100000,200000,0.75,0.6,62000,0.79776
100000,200000,0.75,0.6,63000,0.79867
100000,200000,0.75,0.6,64000,0.79847
100000,200000,0.75,0.6,65000,0.79696
100000,200000,0.75,0.6,66000,0.79986
100000,200000,0.75,0.6,67000,0.80168
100000,200000,0.75,0.6,68000,0.79806
100000,200000,0.75,0.6,69000,0.80032
100000,200000,0.75,0.6,70000,0.80154
100000,200000,0.75,0.6,71000,0.79943
100000,200000,0.75,0.6,72000,0.80098
100000,200000,0.75,0.6,73000,0.79967
100000,200000,0.75,0.6,74000,0.7999
100000,200000,0.75,0.6,75000,0.80051
100000,200000,0.75,0.6,76000,0.80015
100000,200000,0.75,0.6,77000,0.80408
100000,200000,0.75,0.6,78000,0.80278
100000,200000,0.75,0.6,79000,0.79594
100000,200000,0.75,0.6,80000,0.7981
100000,200000,0.75,0.6,81000,0.79977
100000,200000,0.75,0.6,82000,0.80175
100000,200000,0.75,0.6,83000,0.79739
100000,200000,0.75,0.6,84000,0.8002
100000,200000,0.75,0.6,85000,0.79737
100000,200000,0.75,0.6,86000,0.79648
100000,200000,0.75,0.6,87000,0.80232
100000,200000,0.75,0.6,88000,0.79941
100000,200000,0.75,0.6,89000,0.80074
100000,200000,0.75,0.6,90000,0.79791
100000,200000,0.75,0.6,91000,0.80018
100000,200000,0.75,0.6,92000,0.79701
100000,200000,0.75,0.6,93000,0.79982
100000,200000,0.75,0.6,94000,0.7991
100000,200000,0.75,0.6,95000,0.79784
100000,200000,0.75,0.6,96000,0.79826
100000,200000,0.75,0.6,97000,0.80029
100000,200000,0.75,0.6,98000,0.79908
100000,200000,0.75,0.6,99000,0.79721
100000,200000,0.75,0.6,100000,0.80092
100000,200000,0.75,0.6,101000,0.80326
100000,200000,0.75,0.6,102000,0.79799
100000,200000,0.75,0.6,103000,0.79704
100000,200000,0.75,0.6,104000,0.80053
100000,200000,0.75,0.6,105000,0.79762
100000,200000,0.75,0.6,106000,0.80111
100000,200000,0.75,0.6,107000,0.79907
100000,200000,0.75,0.6,108000,0.79789
100000,200000,0.75,0.6,109000,0.80098
100000,200000,0.75,0.6,110000,0.79832
100000,200000,0.75,0.6,111000,0.79975
100000,200000,0.75,0.6,112000,0.79773
100000,200000,0.75,0.6,113000,0.79942
100000,200000,0.75,0.6,114000,0.79482
100000,200000,0.75,0.6,115000,0.79726
100000,200000,0.75,0.6,116000,0.80042
100000,200000,0.75,0.6,117000,0.79696
100000,200000,0.75,0.6,118000,0.80158
100000,200000,0.75,0.6,119000,0.79577
100000,200000,0.75,0.6,120000,0.80101
100000,200000,0.75,0.6,121000,0.80261
100000,200000,0.75,0.6,122000,0.79976
100000,200000,0.75,0.6,123000,0.80083
100000,200000,0.75,0.6,124000,0.80311
100000,200000,0.75,0.6,125000,0.79836
100000,200000,0.75,0.6,126000,0.80202
100000,200000,0.75,0.6,127000,0.79984
100000,200000,0.75,0.6,128000,0.80031
100000,200000,0.75,0.6,129000,0.79547
100000,200000,0.75,0.6,130000,0.80128
100000,200000,0.75,0.6,131000,0.80534
100000,200000,0.75,0.6,132000,0.7972
100000,200000,0.75,0.6,133000,0.80211
100000,200000,0.75,0.6,134000,0.80219
100000,200000,0.75,0.6,135000,0.79825
100000,200000,0.75,0.6,136000,0.8003
100000,200000,0.75,0.6,137000,0.80095
100000,200000,0.75,0.6,138000,0.79971
100000,200000,0.75,0.6,139000,0.79929
100000,200000,0.75,0.6,140000,0.79958
100000,200000,0.75,0.6,141000,0.80061
100000,200000,0.75,0.6,142000,0.79973
100000,200000,0.75,0.6,143000,0.80245
100000,200000,0.75,0.6,144000,0.79754
100000,200000,0.75,0.6,145000,0.80029
100000,200000,0.75,0.6,146000,0.80093
100000,200000,0.75,0.6,147000,0.79526
100000,200000,0.75,0.6,148000,0.7932
100000,200000,0.75,0.6,149000,0.79969
100000,200000,0.75,0.6,150000,0.79868
100000,200000,0.75,0.6,151000,0.80121
100000,200000,0.75,0.6,152000,0.79917
100000,200000,0.75,0.6,153000,0.8014
100000,200000,0.75,0.6,154000,0.79903
100000,200000,0.75,0.6,155000,0.79989
100000,200000,0.75,0.6,156000,0.80028
100000,200000,0.75,0.6,157000,0.80004
100000,200000,0.75,0.6,158000,0.80049
100000,200000,0.75,0.6,159000,0.79564
100000,200000,0.75,0.6,160000,0.80355
100000,200000,0.75,0.6,161000,0.79779
100000,200000,0.75,0.6,162000,0.79936
100000,200000,0.75,0.6,163000,0.79908
100000,200000,0.75,0.6,164000,0.79782
100000,200000,0.75,0.6,165000,0.79449
100000,200000,0.75,0.6,166000,0.7984
100000,200000,0.75,0.6,167000,0.79694
100000,200000,0.75,0.6,168000,0.79886
100000,200000,0.75,0.6,169000,0.80114
100000,200000,0.75,0.6,170000,0.80233
100000,200000,0.75,0.6,171000,0.79986
100000,200000,0.75,0.6,172000,0.79967
100000,200000,0.75,0.6,173000,0.79789
100000,200000,0.75,0.6,174000,0.80141
100000,200000,0.75,0.6,175000,0.79862
100000,200000,0.75,0.6,176000,0.79754
100000,200000,0.75,0.6,177000,0.79881
100000,200000,0.75,0.6,178000,0.80009
100000,200000,0.75,0.6,179000,0.79888
100000,200000,0.75,0.6,180000,0.7966
100000,200000,0.75,0.6,181000,0.80048
100000,200000,0.75,0.6,182000,0.8009
100000,200000,0.75,0.6,183000,0.80074
100000,200000,0.75,0.6,184000,0.79823
100000,200000,0.75,0.6,185000,0.79689
100000,200000,0.75,0.6,186000,0.80063
100000,200000,0.75,0.6,187000,0.7985
100000,200000,0.75,0.6,188000,0.79848
100000,200000,0.75,0.6,189000,0.80038
100000,200000,0.75,0.6,190000,0.80186
100000,200000,0.75,0.6,191000,0.80043
100000,200000,0.75,0.6,192000,0.79965
100000,200000,0.75,0.6,193000,0.79771
100000,200000,0.75,0.6,194000,0.79849
100000,200000,0.75,0.6,195000,0.80003
100000,200000,0.75,0.6,196000,0.79672
100000,200000,0.75,0.6,197000,0.79939
100000,200000,0.75,0.6,198000,0.79838
100000,200000,0.75,0.6,199000,0.80192
100000,200000,0.75,0.7000000000000001,0,0.9422
100000,200000,0.75,0.7000000000000001,1000,0.88338
100000,200000,0.75,0.7000000000000001,2000,0.88311
100000,200000,0.75,0.7000000000000001,3000,0.8794
100000,200000,0.75,0.7000000000000001,4000,0.88149
100000,200000,0.75,0.7000000000000001,5000,0.88036
100000,200000,0.75,0.7000000000000001,6000,0.8831
100000,200000,0.75,0.7000000000000001,7000,0.88273
100000,200000,0.75,0.7000000000000001,8000,0.88201
100000,200000,0.75,0.7000000000000001,9000,0.88395
100000,200000,0.75,0.7000000000000001,10000,0.88129
100000,200000,0.75,0.7000000000000001,11000,0.88085
100000,200000,0.75,0.7000000000000001,12000,0.8814
100000,200000,0.75,0.7000000000000001,13000,0.88023
100000,200000,0.75,0.7000000000000001,14000,0.88212
100000,200000,0.75,0.7000000000000001,15000,0.88295
100000,200000,0.75,0.7000000000000001,16000,0.88235
100000,200000,0.75,0.7000000000000001,17000,0.88141
100000,200000,0.75,0.7000000000000001,18000,0.88294
100000,200000,0.75,0.7000000000000001,19000,0.88196
100000,200000,0.75,0.7000000000000001,20000,0.88075
100000,200000,0.75,0.7000000000000001,21000,0.8805
100000,200000,0.75,0.7000000000000001,22000,0.88288
100000,200000,0.75,0.7000000000000001,23000,0.88091
100000,200000,0.75,0.7000000000000001,24000,0.88149
100000,200000,0.75,0.7000000000000001,25000,0.8824
100000,200000,0.75,0.7000000000000001,26000,0.88227
100000,200000,0.75,0.7000000000000001,27000,0.88149
100000,200000,0.75,0.7000000000000001,28000,0.88168
100000,200000,0.75,0.7000000000000001,29000,0.88356
100000,200000,0.75,0.7000000000000001,30000,0.87874
100000,200000,0.75,0.7000000000000001,31000,0.88094
100000,200000,0.75,0.7000000000000001,32000,0.88117
100000,200000,0.75,0.7000000000000001,33000,0.8825
100000,200000,0.75,0.7000000000000001,34000,0.88203
100000,200000,0.75,0.7000000000000001,35000,0.88381
100000,200000,0.75,0.7000000000000001,36000,0.88019
100000,200000,0.75,0.7000000000000001,37000,0.8822
100000,200000,0.75,0.7000000000000001,38000,0.87954
100000,200000,0.75,0.7000000000000001,39000,0.88005
100000,200000,0.75,0.7000000000000001,40000,0.88451
100000,200000,0.75,0.7000000000000001,41000,0.87847
100000,200000,0.75,0.7000000000000001,42000,0.8836
100000,200000,0.75,0.7000000000000001,43000,0.88283
100000,200000,0.75,0.7000000000000001,44000,0.87986
100000,200000,0.75,0.7000000000000001,45000,0.88028
100000,200000,0.75,0.7000000000000001,46000,0.88271
100000,200000,0.75,0.7000000000000001,47000,0.88356
100000,200000,0.75,0.7000000000000001,48000,0.88351
100000,200000,0.75,0.7000000000000001,49000,0.87941
100000,200000,0.75,0.7000000000000001,50000,0.87982
100000,200000,0.75,0.7000000000000001,51000,0.88154
100000,200000,0.75,0.7000000000000001,52000,0.882
100000,200000,0.75,0.7000000000000001,53000,0.88078
100000,200000,0.75,0.7000000000000001,54000,0.87989
100000,200000,0.75,0.7000000000000001,55000,0.88086
100000,200000,0.75,0.7000000000000001,56000,0.88077
100000,200000,0.75,0.7000000000000001,57000,0.88421
100000,200000,0.75,0.7000000000000001,58000,0.88288
100000,200000,0.75,0.7000000000000001,59000,0.88199
100000,200000,0.75,0.7000000000000001,60000,0.88272
100000,200000,0.75,0.7000000000000001,61000,0.88071
100000,200000,0.75,0.7000000000000001,62000,0.88369
100000,200000,0.75,0.7000000000000001,63000,0.88311
100000,200000,0.75,0.7000000000000001,64000,0.88055
100000,200000,0.75,0.7000000000000001,65000,0.88042
100000,200000,0.75,0.7000000000000001,66000,0.88239
100000,200000,0.75,0.7000000000000001,67000,0.88156
100000,200000,0.75,0.7000000000000001,68000,0.88227
100000,200000,0.75,0.7000000000000001,69000,0.88337
100000,200000,0.75,0.7000000000000001,70000,0.88354
100000,200000,0.75,0.7000000000000001,71000,0.88316
100000,200000,0.75,0.7000000000000001,72000,0.8838
100000,200000,0.75,0.7000000000000001,73000,0.88233
100000,200000,0.75,0.7000000000000001,74000,0.87977
100000,200000,0.75,0.7000000000000001,75000,0.88183
100000,200000,0.75,0.7000000000000001,76000,0.8829
100000,200000,0.75,0.7000000000000001,77000,0.88304
100000,200000,0.75,0.7000000000000001,78000,0.88281
100000,200000,0.75,0.7000000000000001,79000,0.88124
100000,200000,0.75,0.7000000000000001,80000,0.8828
100000,200000,0.75,0.7000000000000001,81000,0.88289
100000,200000,0.75,0.7000000000000001,82000,0.88124
100000,200000,0.75,0.7000000000000001,83000,0.8803
100000,200000,0.75,0.7000000000000001,84000,0.87966
100000,200000,0.75,0.7000000000000001,85000,0.88211
100000,200000,0.75,0.7000000000000001,86000,0.88236
100000,200000,0.75,0.7000000000000001,87000,0.87918
100000,200000,0.75,0.7000000000000001,88000,0.88091
100000,200000,0.75,0.7000000000000001,89000,0.8842
100000,200000,0.75,0.7000000000000001,90000,0.88124
100000,200000,0.75,0.7000000000000001,91000,0.88082
100000,200000,0.75,0.7000000000000001,92000,0.88242
100000,200000,0.75,0.7000000000000001,93000,0.88063
100000,200000,0.75,0.7000000000000001,94000,0.88182
100000,200000,0.75,0.7000000000000001,95000,0.8821
100000,200000,0.75,0.7000000000000001,96000,0.88027
100000,200000,0.75,0.7000000000000001,97000,0.88333
100000,200000,0.75,0.7000000000000001,98000,0.88117
100000,200000,0.75,0.7000000000000001,99000,0.88327
100000,200000,0.75,0.7000000000000001,100000,0.88205
100000,200000,0.75,0.7000000000000001,101000,0.88157
100000,200000,0.75,0.7000000000000001,102000,0.8805
100000,200000,0.75,0.7000000000000001,103000,0.88222
100000,200000,0.75,0.7000000000000001,104000,0.88274
100000,200000,0.75,0.7000000000000001,105000,0.88499
100000,200000,0.75,0.7000000000000001,106000,0.88114
100000,200000,0.75,0.7000000000000001,107000,0.8819
100000,200000,0.75,0.7000000000000001,108000,0.88125
100000,200000,0.75,0.7000000000000001,109000,0.88416
100000,200000,0.75,0.7000000000000001,110000,0.88048
100000,200000,0.75,0.7000000000000001,111000,0.88245
100000,200000,0.75,0.7000000000000001,112000,0.88286
100000,200000,0.75,0.7000000000000001,113000,0.8811
100000,200000,0.75,0.7000000000000001,114000,0.88117
100000,200000,0.75,0.7000000000000001,115000,0.88145
100000,200000,0.75,0.7000000000000001,116000,0.88187
100000,200000,0.75,0.7000000000000001,117000,0.88356
100000,200000,0.75,0.7000000000000001,118000,0.87991
100000,200000,0.75,0.7000000000000001,119000,0.88079
100000,200000,0.75,0.7000000000000001,120000,0.88203
100000,200000,0.75,0.7000000000000001,121000,0.88245
100000,200000,0.75,0.7000000000000001,122000,0.88159
100000,200000,0.75,0.7000000000000001,123000,0.88134
100000,200000,0.75,0.7000000000000001,124000,0.88111
100000,200000,0.75,0.7000000000000001,125000,0.88252
100000,200000,0.75,0.7000000000000001,126000,0.87958
100000,200000,0.75,0.7000000000000001,127000,0.87928
100000,200000,0.75,0.7000000000000001,128000,0.87912
100000,200000,0.75,0.7000000000000001,129000,0.88141
100000,200000,0.75,0.7000000000000001,130000,0.88073
100000,200000,0.75,0.7000000000000001,131000,0.88231
100000,200000,0.75,0.7000000000000001,132000,0.88272
100000,200000,0.75,0.7000000000000001,133000,0.88277
100000,200000,0.75,0.7000000000000001,134000,0.88181
100000,200000,0.75,0.7000000000000001,135000,0.88133
100000,200000,0.75,0.7000000000000001,136000,0.87894
100000,200000,0.75,0.7000000000000001,137000,0.88122
100000,200000,0.75,0.7000000000000001,138000,0.88143
100000,200000,0.75,0.7000000000000001,139000,0.8852
100000,200000,0.75,0.7000000000000001,140000,0.88272
100000,200000,0.75,0.7000000000000001,141000,0.87857
100000,200000,0.75,0.7000000000000001,142000,0.88143
100000,200000,0.75,0.7000000000000001,143000,0.88489
100000,200000,0.75,0.7000000000000001,144000,0.88135
100000,200000,0.75,0.7000000000000001,145000,0.88171
100000,200000,0.75,0.7000000000000001,146000,0.8807
100000,200000,0.75,0.7000000000000001,147000,0.88187
100000,200000,0.75,0.7000000000000001,148000,0.88333
100000,200000,0.75,0.7000000000000001,149000,0.88114
100000,200000,0.75,0.7000000000000001,150000,0.8817
100000,200000,0.75,0.7000000000000001,151000,0.87885
100000,200000,0.75,0.7000000000000001,152000,0.88274
100000,200000,0.75,0.7000000000000001,153000,0.88215
100000,200000,0.75,0.7000000000000001,154000,0.88018
100000,200000,0.75,0.7000000000000001,155000,0.88345
100000,200000,0.75,0.7000000000000001,156000,0.88045
100000,200000,0.75,0.7000000000000001,157000,0.88381
100000,200000,0.75,0.7000000000000001,158000,0.88438
100000,200000,0.75,0.7000000000000001,159000,0.87934
100000,200000,0.75,0.7000000000000001,160000,0.88089
100000,200000,0.75,0.7000000000000001,161000,0.88053
100000,200000,0.75,0.7000000000000001,162000,0.87997
100000,200000,0.75,0.7000000000000001,163000,0.88193
100000,200000,0.75,0.7000000000000001,164000,0.88321
100000,200000,0.75,0.7000000000000001,165000,0.88021
100000,200000,0.75,0.7000000000000001,166000,0.88267
100000,200000,0.75,0.7000000000000001,167000,0.88083
100000,200000,0.75,0.7000000000000001,168000,0.88304
100000,200000,0.75,0.7000000000000001,169000,0.88314
100000,200000,0.75,0.7000000000000001,170000,0.88347
100000,200000,0.75,0.7000000000000001,171000,0.88285
100000,200000,0.75,0.7000000000000001,172000,0.88407
100000,200000,0.75,0.7000000000000001,173000,0.88108
100000,200000,0.75,0.7000000000000001,174000,0.88217
100000,200000,0.75,0.7000000000000001,175000,0.8813
100000,200000,0.75,0.7000000000000001,176000,0.88161
100000,200000,0.75,0.7000000000000001,177000,0.8819
100000,200000,0.75,0.7000000000000001,178000,0.87913
100000,200000,0.75,0.7000000000000001,179000,0.88279
100000,200000,0.75,0.7000000000000001,180000,0.88327
100000,200000,0.75,0.7000000000000001,181000,0.88425
100000,200000,0.75,0.7000000000000001,182000,0.88075
100000,200000,0.75,0.7000000000000001,183000,0.88134
100000,200000,0.75,0.7000000000000001,184000,0.88654
100000,200000,0.75,0.7000000000000001,185000,0.88121
100000,200000,0.75,0.7000000000000001,186000,0.88502
100000,200000,0.75,0.7000000000000001,187000,0.88031
100000,200000,0.75,0.7000000000000001,188000,0.88085
100000,200000,0.75,0.7000000000000001,189000,0.88143
100000,200000,0.75,0.7000000000000001,190000,0.88457
100000,200000,0.75,0.7000000000000001,191000,0.88076
100000,200000,0.75,0.7000000000000001,192000,0.8831
100000,200000,0.75,0.7000000000000001,193000,0.88361
100000,200000,0.75,0.7000000000000001,194000,0.88438
100000,200000,0.75,0.7000000000000001,195000,0.88248
100000,200000,0.75,0.7000000000000001,196000,0.88283
100000,200000,0.75,0.7000000000000001,197000,0.88401
100000,200000,0.75,0.7000000000000001,198000,0.88023
100000,200000,0.75,0.7000000000000001,199000,0.88184
100000,200000,0.75,0.8,0,0.96121
100000,200000,0.75,0.8,1000,0.9287
100000,200000,0.75,0.8,2000,0.92951
100000,200000,0.75,0.8,3000,0.92754
100000,200000,0.75,0.8,4000,0.92957
100000,200000,0.75,0.8,5000,0.92978
100000,200000,0.75,0.8,6000,0.92743
100000,200000,0.75,0.8,7000,0.93029
100000,200000,0.75,0.8,8000,0.9294
100000,200000,0.75,0.8,9000,0.92611
100000,200000,0.75,0.8,10000,0.92836
100000,200000,0.75,0.8,11000,0.92916
100000,200000,0.75,0.8,12000,0.93003
100000,200000,0.75,0.8,13000,0.931
100000,200000,0.75,0.8,14000,0.92877
100000,200000,0.75,0.8,15000,0.92923
100000,200000,0.75,0.8,16000,0.92984
100000,200000,0.75,0.8,17000,0.9309
100000,200000,0.75,0.8,18000,0.92932
100000,200000,0.75,0.8,19000,0.92938
100000,200000,0.75,0.8,20000,0.92904
100000,200000,0.75,0.8,21000,0.92954
100000,200000,0.75,0.8,22000,0.92959
100000,200000,0.75,0.8,23000,0.9282
100000,200000,0.75,0.8,24000,0.92829
100000,200000,0.75,0.8,25000,0.9292
100000,200000,0.75,0.8,26000,0.93004
100000,200000,0.75,0.8,27000,0.92653
100000,200000,0.75,0.8,28000,0.92813
100000,200000,0.75,0.8,29000,0.92947
100000,200000,0.75,0.8,30000,0.92762
100000,200000,0.75,0.8,31000,0.92901
100000,200000,0.75,0.8,32000,0.92825
100000,200000,0.75,0.8,33000,0.9304
100000,200000,0.75,0.8,34000,0.92915
100000,200000,0.75,0.8,35000,0.92951
100000,200000,0.75,0.8,36000,0.92762
100000,200000,0.75,0.8,37000,0.93097
100000,200000,0.75,0.8,38000,0.93073
100000,200000,0.75,0.8,39000,0.92775
100000,200000,0.75,0.8,40000,0.92851
100000,200000,0.75,0.8,41000,0.92777
100000,200000,0.75,0.8,42000,0.92878
100000,200000,0.75,0.8,43000,0.9283
100000,200000,0.75,0.8,44000,0.93118
100000,200000,0.75,0.8,45000,0.93091
100000,200000,0.75,0.8,46000,0.92752
100000,200000,0.75,0.8,47000,0.92911
100000,200000,0.75,0.8,48000,0.92722
100000,200000,0.75,0.8,49000,0.92639
100000,200000,0.75,0.8,50000,0.9294
100000,200000,0.75,0.8,51000,0.92985
100000,200000,0.75,0.8,52000,0.93113
100000,200000,0.75,0.8,53000,0.92906
100000,200000,0.75,0.8,54000,0.92972
100000,200000,0.75,0.8,55000,0.93111
100000,200000,0.75,0.8,56000,0.93003
100000,200000,0.75,0.8,57000,0.92989
100000,200000,0.75,0.8,58000,0.92889
100000,200000,0.75,0.8,59000,0.9292
100000,200000,0.75,0.8,60000,0.93093
100000,200000,0.75,0.8,61000,0.92789
100000,200000,0.75,0.8,62000,0.93156
100000,200000,0.75,0.8,63000,0.92743
100000,200000,0.75,0.8,64000,0.93176
100000,200000,0.75,0.8,65000,0.92993
100000,200000,0.75,0.8,66000,0.93018
100000,200000,0.75,0.8,67000,0.93042
100000,200000,0.75,0.8,68000,0.93065
100000,200000,0.75,0.8,69000,0.92798
100000,200000,0.75,0.8,70000,0.92899
100000,200000,0.75,0.8,71000,0.92998
100000,200000,0.75,0.8,72000,0.9278
100000,200000,0.75,0.8,73000,0.92881
100000,200000,0.75,0.8,74000,0.93146
100000,200000,0.75,0.8,75000,0.93053
100000,200000,0.75,0.8,76000,0.92865
100000,200000,0.75,0.8,77000,0.93096
100000,200000,0.75,0.8,78000,0.93003
100000,200000,0.75,0.8,79000,0.928
100000,200000,0.75,0.8,80000,0.92837
100000,200000,0.75,0.8,81000,0.92861
100000,200000,0.75,0.8,82000,0.92972
100000,200000,0.75,0.8,83000,0.92858
100000,200000,0.75,0.8,84000,0.92941
100000,200000,0.75,0.8,85000,0.92844
100000,200000,0.75,0.8,86000,0.93065
100000,200000,0.75,0.8,87000,0.93155
100000,200000,0.75,0.8,88000,0.92968
100000,200000,0.75,0.8,89000,0.92859
100000,200000,0.75,0.8,90000,0.92933
100000,200000,0.75,0.8,91000,0.9298
100000,200000,0.75,0.8,92000,0.92996
100000,200000,0.75,0.8,93000,0.92876
100000,200000,0.75,0.8,94000,0.92958
100000,200000,0.75,0.8,95000,0.92954
100000,200000,0.75,0.8,96000,0.92958
100000,200000,0.75,0.8,97000,0.93023
100000,200000,0.75,0.8,98000,0.93052
100000,200000,0.75,0.8,99000,0.93027
100000,200000,0.75,0.8,100000,0.92879
100000,200000,0.75,0.8,101000,0.93187
100000,200000,0.75,0.8,102000,0.93089
100000,200000,0.75,0.8,103000,0.93131
100000,200000,0.75,0.8,104000,0.92914
100000,200000,0.75,0.8,105000,0.9282
100000,200000,0.75,0.8,106000,0.93066
100000,200000,0.75,0.8,107000,0.92906
100000,200000,0.75,0.8,108000,0.9302
100000,200000,0.75,0.8,109000,0.92924
100000,200000,0.75,0.8,110000,0.92986
100000,200000,0.75,0.8,111000,0.92959
100000,200000,0.75,0.8,112000,0.93029
100000,200000,0.75,0.8,113000,0.92905
100000,200000,0.75,0.8,114000,0.92887
100000,200000,0.75,0.8,115000,0.92988
100000,200000,0.75,0.8,116000,0.93242
100000,200000,0.75,0.8,117000,0.93048
100000,200000,0.75,0.8,118000,0.92578
100000,200000,0.75,0.8,119000,0.92888
100000,200000,0.75,0.8,120000,0.92929
100000,200000,0.75,0.8,121000,0.93192
100000,200000,0.75,0.8,122000,0.92963
100000,200000,0.75,0.8,123000,0.92938
100000,200000,0.75,0.8,124000,0.92861
100000,200000,0.75,0.8,125000,0.9298
100000,200000,0.75,0.8,126000,0.92986
100000,200000,0.75,0.8,127000,0.92957
100000,200000,0.75,0.8,128000,0.92837
100000,200000,0.75,0.8,129000,0.92908
100000,200000,0.75,0.8,130000,0.92835
100000,200000,0.75,0.8,131000,0.92876
100000,200000,0.75,0.8,132000,0.92796
100000,200000,0.75,0.8,133000,0.92731
100000,200000,0.75,0.8,134000,0.92905
100000,200000,0.75,0.8,135000,0.92896
100000,200000,0.75,0.8,136000,0.92935
100000,200000,0.75,0.8,137000,0.92973
100000,200000,0.75,0.8,138000,0.92997
100000,200000,0.75,0.8,139000,0.92992
100000,200000,0.75,0.8,140000,0.92928
100000,200000,0.75,0.8,141000,0.92872
100000,200000,0.75,0.8,142000,0.92926
100000,200000,0.75,0.8,143000,0.92977
100000,200000,0.75,0.8,144000,0.92817
100000,200000,0.75,0.8,145000,0.92896
100000,200000,0.75,0.8,146000,0.92814
100000,200000,0.75,0.8,147000,0.93027
100000,200000,0.75,0.8,148000,0.93029
100000,200000,0.75,0.8,149000,0.9305
100000,200000,0.75,0.8,150000,0.92871
100000,200000,0.75,0.8,151000,0.92954
100000,200000,0.75,0.8,152000,0.93113
100000,200000,0.75,0.8,153000,0.92969
100000,200000,0.75,0.8,154000,0.92958
100000,200000,0.75,0.8,155000,0.9273
100000,200000,0.75,0.8,156000,0.92942
100000,200000,0.75,0.8,157000,0.92907
100000,200000,0.75,0.8,158000,0.93125
100000,200000,0.75,0.8,159000,0.92884
100000,200000,0.75,0.8,160000,0.92823
100000,200000,0.75,0.8,161000,0.93065
100000,200000,0.75,0.8,162000,0.9271
100000,200000,0.75,0.8,163000,0.92749
100000,200000,0.75,0.8,164000,0.92841
100000,200000,0.75,0.8,165000,0.92956
100000,200000,0.75,0.8,166000,0.92841
100000,200000,0.75,0.8,167000,0.9284
100000,200000,0.75,0.8,168000,0.92837
100000,200000,0.75,0.8,169000,0.93058
100000,200000,0.75,0.8,170000,0.929
100000,200000,0.75,0.8,171000,0.92834
100000,200000,0.75,0.8,172000,0.92973
100000,200000,0.75,0.8,173000,0.9295
100000,200000,0.75,0.8,174000,0.93142
100000,200000,0.75,0.8,175000,0.93118
100000,200000,0.75,0.8,176000,0.92895
100000,200000,0.75,0.8,177000,0.93044
100000,200000,0.75,0.8,178000,0.9282
100000,200000,0.75,0.8,179000,0.92981
100000,200000,0.75,0.8,180000,0.92771
100000,200000,0.75,0.8,181000,0.92848
100000,200000,0.75,0.8,182000,0.92971
100000,200000,0.75,0.8,183000,0.92906
100000,200000,0.75,0.8,184000,0.93017
100000,200000,0.75,0.8,185000,0.9303
100000,200000,0.75,0.8,186000,0.92939
100000,200000,0.75,0.8,187000,0.92913
100000,200000,0.75,0.8,188000,0.92966
100000,200000,0.75,0.8,189000,0.92862
100000,200000,0.75,0.8,190000,0.93049
100000,200000,0.75,0.8,191000,0.92779
100000,200000,0.75,0.8,192000,0.93015
100000,200000,0.75,0.8,193000,0.93035
100000,200000,0.75,0.8,194000,0.9296
100000,200000,0.75,0.8,195000,0.92869
100000,200000,0.75,0.8,196000,0.92787
100000,200000,0.75,0.8,197000,0.9301
100000,200000,0.75,0.8,198000,0.93136
100000,200000,0.75,0.8,199000,0.93147
