100000,20000,0.75,0.1,0,0.7856
100000,20000,0.75,0.1,1000,0.0
100000,20000,0.75,0.1,2000,0.0
100000,20000,0.75,0.1,3000,0.0
100000,20000,0.75,0.1,4000,0.0
100000,20000,0.75,0.1,5000,0.0
100000,20000,0.75,0.1,6000,0.0
100000,20000,0.75,0.1,7000,0.0
100000,20000,0.75,0.1,8000,0.0
100000,20000,0.75,0.1,9000,0.0
100000,20000,0.75,0.1,10000,0.0
100000,20000,0.75,0.1,11000,0.0
100000,20000,0.75,0.1,12000,0.0
100000,20000,0.75,0.1,13000,0.0
100000,20000,0.75,0.1,14000,0.0
100000,20000,0.75,0.1,15000,0.0
100000,20000,0.75,0.1,16000,0.0
100000,20000,0.75,0.1,17000,0.0
100000,20000,0.75,0.1,18000,0.0
100000,20000,0.75,0.1,19000,0.0
100000,20000,0.75,0.11,0,0.78967
100000,20000,0.75,0.11,1000,0.0
100000,20000,0.75,0.11,2000,0.0
100000,20000,0.75,0.11,3000,0.0
100000,20000,0.75,0.11,4000,0.0
100000,20000,0.75,0.11,5000,0.0
100000,20000,0.75,0.11,6000,0.0
100000,20000,0.75,0.11,7000,0.0
100000,20000,0.75,0.11,8000,0.0
100000,20000,0.75,0.11,9000,0.0
100000,20000,0.75,0.11,10000,0.0
100000,20000,0.75,0.11,11000,0.0
100000,20000,0.75,0.11,12000,0.0
100000,20000,0.75,0.11,13000,0.0
100000,20000,0.75,0.11,14000,0.0
100000,20000,0.75,0.11,15000,0.0
100000,20000,0.75,0.11,16000,0.0
100000,20000,0.75,0.11,17000,0.0
100000,20000,0.75,0.11,18000,0.0
100000,20000,0.75,0.11,19000,0.0
100000,20000,0.75,0.12,0,0.79132
100000,20000,0.75,0.12,1000,0.0
100000,20000,0.75,0.12,2000,0.0
100000,20000,0.75,0.12,3000,0.0
100000,20000,0.75,0.12,4000,0.0
100000,20000,0.75,0.12,5000,0.0
100000,20000,0.75,0.12,6000,0.0
100000,20000,0.75,0.12,7000,0.0
100000,20000,0.75,0.12,8000,0.0
100000,20000,0.75,0.12,9000,0.0
100000,20000,0.75,0.12,10000,0.0
100000,20000,0.75,0.12,11000,0.0
100000,20000,0.75,0.12,12000,0.0
100000,20000,0.75,0.12,13000,0.0
100000,20000,0.75,0.12,14000,0.0
100000,20000,0.75,0.12,15000,0.0
100000,20000,0.75,0.12,16000,0.0
100000,20000,0.75,0.12,17000,0.0
100000,20000,0.75,0.12,18000,0.0
100000,20000,0.75,0.12,19000,0.0
100000,20000,0.75,0.13,0,0.79912
100000,20000,0.75,0.13,1000,0.0
100000,20000,0.75,0.13,2000,0.0
100000,20000,0.75,0.13,3000,0.0
100000,20000,0.75,0.13,4000,0.0
100000,20000,0.75,0.13,5000,0.0
100000,20000,0.75,0.13,6000,0.0
100000,20000,0.75,0.13,7000,0.0
100000,20000,0.75,0.13,8000,0.0
100000,20000,0.75,0.13,9000,0.0
100000,20000,0.75,0.13,10000,0.0
100000,20000,0.75,0.13,11000,0.0
100000,20000,0.75,0.13,12000,0.0
100000,20000,0.75,0.13,13000,0.0
100000,20000,0.75,0.13,14000,0.0
100000,20000,0.75,0.13,15000,0.0
100000,20000,0.75,0.13,16000,0.0
100000,20000,0.75,0.13,17000,0.0
100000,20000,0.75,0.13,18000,0.0
100000,20000,0.75,0.13,19000,0.0
100000,20000,0.75,0.13999999999999999,0,0.80058
100000,20000,0.75,0.13999999999999999,1000,0.0
100000,20000,0.75,0.13999999999999999,2000,0.0
100000,20000,0.75,0.13999999999999999,3000,0.0
100000,20000,0.75,0.13999999999999999,4000,0.0
100000,20000,0.75,0.13999999999999999,5000,0.0
100000,20000,0.75,0.13999999999999999,6000,0.0
100000,20000,0.75,0.13999999999999999,7000,0.0
100000,20000,0.75,0.13999999999999999,8000,0.0
100000,20000,0.75,0.13999999999999999,9000,0.0
100000,20000,0.75,0.13999999999999999,10000,0.0
100000,20000,0.75,0.13999999999999999,11000,0.0
100000,20000,0.75,0.13999999999999999,12000,0.0
100000,20000,0.75,0.13999999999999999,13000,0.0
100000,20000,0.75,0.13999999999999999,14000,0.0
100000,20000,0.75,0.13999999999999999,15000,0.0
100000,20000,0.75,0.13999999999999999,16000,0.0
100000,20000,0.75,0.13999999999999999,17000,0.0
100000,20000,0.75,0.13999999999999999,18000,0.0
100000,20000,0.75,0.13999999999999999,19000,0.0
100000,20000,0.75,0.14999999999999997,0,0.80424
100000,20000,0.75,0.14999999999999997,1000,0.0
100000,20000,0.75,0.14999999999999997,2000,0.0
100000,20000,0.75,0.14999999999999997,3000,0.0
100000,20000,0.75,0.14999999999999997,4000,0.0
100000,20000,0.75,0.14999999999999997,5000,0.0
100000,20000,0.75,0.14999999999999997,6000,0.0
100000,20000,0.75,0.14999999999999997,7000,0.0
100000,20000,0.75,0.14999999999999997,8000,0.0
100000,20000,0.75,0.14999999999999997,9000,0.0
100000,20000,0.75,0.14999999999999997,10000,0.0
100000,20000,0.75,0.14999999999999997,11000,0.0
100000,20000,0.75,0.14999999999999997,12000,0.0
100000,20000,0.75,0.14999999999999997,13000,0.0
100000,20000,0.75,0.14999999999999997,14000,0.0
100000,20000,0.75,0.14999999999999997,15000,0.0
100000,20000,0.75,0.14999999999999997,16000,0.0
100000,20000,0.75,0.14999999999999997,17000,0.0
100000,20000,0.75,0.14999999999999997,18000,0.0
100000,20000,0.75,0.14999999999999997,19000,0.0
100000,20000,0.75,0.15999999999999998,0,0.807
100000,20000,0.75,0.15999999999999998,1000,0.0
100000,20000,0.75,0.15999999999999998,2000,0.0
100000,20000,0.75,0.15999999999999998,3000,0.0
100000,20000,0.75,0.15999999999999998,4000,0.0
100000,20000,0.75,0.15999999999999998,5000,0.0
100000,20000,0.75,0.15999999999999998,6000,0.0
100000,20000,0.75,0.15999999999999998,7000,0.0
100000,20000,0.75,0.15999999999999998,8000,0.0
100000,20000,0.75,0.15999999999999998,9000,0.0
100000,20000,0.75,0.15999999999999998,10000,0.0
100000,20000,0.75,0.15999999999999998,11000,0.0
100000,20000,0.75,0.15999999999999998,12000,0.0
100000,20000,0.75,0.15999999999999998,13000,0.0
100000,20000,0.75,0.15999999999999998,14000,0.0
100000,20000,0.75,0.15999999999999998,15000,0.0
100000,20000,0.75,0.15999999999999998,16000,0.0
100000,20000,0.75,0.15999999999999998,17000,0.0
100000,20000,0.75,0.15999999999999998,18000,0.0
100000,20000,0.75,0.15999999999999998,19000,0.0
100000,20000,0.75,0.16999999999999998,0,0.8111
100000,20000,0.75,0.16999999999999998,1000,0.0
100000,20000,0.75,0.16999999999999998,2000,0.0
100000,20000,0.75,0.16999999999999998,3000,0.0
100000,20000,0.75,0.16999999999999998,4000,0.0
100000,20000,0.75,0.16999999999999998,5000,0.0
100000,20000,0.75,0.16999999999999998,6000,0.0
100000,20000,0.75,0.16999999999999998,7000,0.0
100000,20000,0.75,0.16999999999999998,8000,0.0
100000,20000,0.75,0.16999999999999998,9000,0.0
100000,20000,0.75,0.16999999999999998,10000,0.0
100000,20000,0.75,0.16999999999999998,11000,0.0
100000,20000,0.75,0.16999999999999998,12000,0.0
100000,20000,0.75,0.16999999999999998,13000,0.0
100000,20000,0.75,0.16999999999999998,14000,0.0
100000,20000,0.75,0.16999999999999998,15000,0.0
100000,20000,0.75,0.16999999999999998,16000,0.0
100000,20000,0.75,0.16999999999999998,17000,0.0
100000,20000,0.75,0.16999999999999998,18000,0.0
100000,20000,0.75,0.16999999999999998,19000,0.0
100000,20000,0.75,0.17999999999999997,0,0.81236
100000,20000,0.75,0.17999999999999997,1000,0.0
100000,20000,0.75,0.17999999999999997,2000,0.0
100000,20000,0.75,0.17999999999999997,3000,0.0
100000,20000,0.75,0.17999999999999997,4000,0.0
100000,20000,0.75,0.17999999999999997,5000,0.0
100000,20000,0.75,0.17999999999999997,6000,0.0
100000,20000,0.75,0.17999999999999997,7000,0.0
100000,20000,0.75,0.17999999999999997,8000,0.0
100000,20000,0.75,0.17999999999999997,9000,0.0
100000,20000,0.75,0.17999999999999997,10000,0.0
100000,20000,0.75,0.17999999999999997,11000,0.0
100000,20000,0.75,0.17999999999999997,12000,0.0
100000,20000,0.75,0.17999999999999997,13000,0.0
100000,20000,0.75,0.17999999999999997,14000,0.0
100000,20000,0.75,0.17999999999999997,15000,0.0
100000,20000,0.75,0.17999999999999997,16000,0.0
100000,20000,0.75,0.17999999999999997,17000,0.0
100000,20000,0.75,0.17999999999999997,18000,0.0
100000,20000,0.75,0.17999999999999997,19000,0.0
100000,20000,0.75,0.18999999999999995,0,0.81669
100000,20000,0.75,0.18999999999999995,1000,0.0
100000,20000,0.75,0.18999999999999995,2000,0.0
100000,20000,0.75,0.18999999999999995,3000,0.0
100000,20000,0.75,0.18999999999999995,4000,0.0
100000,20000,0.75,0.18999999999999995,5000,0.0
100000,20000,0.75,0.18999999999999995,6000,0.0
100000,20000,0.75,0.18999999999999995,7000,0.0
100000,20000,0.75,0.18999999999999995,8000,0.0
100000,20000,0.75,0.18999999999999995,9000,0.0
100000,20000,0.75,0.18999999999999995,10000,0.0
100000,20000,0.75,0.18999999999999995,11000,0.0
100000,20000,0.75,0.18999999999999995,12000,0.0
100000,20000,0.75,0.18999999999999995,13000,0.0
100000,20000,0.75,0.18999999999999995,14000,0.0
100000,20000,0.75,0.18999999999999995,15000,0.0
100000,20000,0.75,0.18999999999999995,16000,0.0
100000,20000,0.75,0.18999999999999995,17000,0.0
100000,20000,0.75,0.18999999999999995,18000,0.0
100000,20000,0.75,0.18999999999999995,19000,0.0
100000,20000,0.75,0.19999999999999996,0,0.81896
100000,20000,0.75,0.19999999999999996,1000,0.0
100000,20000,0.75,0.19999999999999996,2000,0.0
100000,20000,0.75,0.19999999999999996,3000,0.0
100000,20000,0.75,0.19999999999999996,4000,0.0
100000,20000,0.75,0.19999999999999996,5000,0.0
100000,20000,0.75,0.19999999999999996,6000,0.0
100000,20000,0.75,0.19999999999999996,7000,0.0
100000,20000,0.75,0.19999999999999996,8000,0.0
100000,20000,0.75,0.19999999999999996,9000,0.0
100000,20000,0.75,0.19999999999999996,10000,0.0
100000,20000,0.75,0.19999999999999996,11000,0.0
100000,20000,0.75,0.19999999999999996,12000,0.0
100000,20000,0.75,0.19999999999999996,13000,0.0
100000,20000,0.75,0.19999999999999996,14000,0.0
100000,20000,0.75,0.19999999999999996,15000,0.0
100000,20000,0.75,0.19999999999999996,16000,0.0
100000,20000,0.75,0.19999999999999996,17000,0.0
100000,20000,0.75,0.19999999999999996,18000,0.0
100000,20000,0.75,0.19999999999999996,19000,0.0
100000,20000,0.75,0.20999999999999996,0,0.82173
100000,20000,0.75,0.20999999999999996,1000,0.0
100000,20000,0.75,0.20999999999999996,2000,0.0
100000,20000,0.75,0.20999999999999996,3000,0.0
100000,20000,0.75,0.20999999999999996,4000,0.0
100000,20000,0.75,0.20999999999999996,5000,0.0
100000,20000,0.75,0.20999999999999996,6000,0.0
100000,20000,0.75,0.20999999999999996,7000,0.0
100000,20000,0.75,0.20999999999999996,8000,0.0
100000,20000,0.75,0.20999999999999996,9000,0.0
100000,20000,0.75,0.20999999999999996,10000,0.0
100000,20000,0.75,0.20999999999999996,11000,0.0
100000,20000,0.75,0.20999999999999996,12000,0.0
100000,20000,0.75,0.20999999999999996,13000,0.0
100000,20000,0.75,0.20999999999999996,14000,0.0
100000,20000,0.75,0.20999999999999996,15000,0.0
100000,20000,0.75,0.20999999999999996,16000,0.0
100000,20000,0.75,0.20999999999999996,17000,0.0
100000,20000,0.75,0.20999999999999996,18000,0.0
100000,20000,0.75,0.20999999999999996,19000,0.0
100000,20000,0.75,0.21999999999999995,0,0.82687
100000,20000,0.75,0.21999999999999995,1000,0.0
100000,20000,0.75,0.21999999999999995,2000,0.0
100000,20000,0.75,0.21999999999999995,3000,0.0
100000,20000,0.75,0.21999999999999995,4000,0.0
100000,20000,0.75,0.21999999999999995,5000,0.0
100000,20000,0.75,0.21999999999999995,6000,0.0
100000,20000,0.75,0.21999999999999995,7000,0.0
100000,20000,0.75,0.21999999999999995,8000,0.0
100000,20000,0.75,0.21999999999999995,9000,0.0
100000,20000,0.75,0.21999999999999995,10000,0.0
100000,20000,0.75,0.21999999999999995,11000,0.0
100000,20000,0.75,0.21999999999999995,12000,0.0
100000,20000,0.75,0.21999999999999995,13000,0.0
100000,20000,0.75,0.21999999999999995,14000,0.0
100000,20000,0.75,0.21999999999999995,15000,0.0
100000,20000,0.75,0.21999999999999995,16000,0.0
100000,20000,0.75,0.21999999999999995,17000,0.0
100000,20000,0.75,0.21999999999999995,18000,0.0
100000,20000,0.75,0.21999999999999995,19000,0.0
100000,20000,0.75,0.22999999999999995,0,0.82646
100000,20000,0.75,0.22999999999999995,1000,0.0
100000,20000,0.75,0.22999999999999995,2000,0.0
100000,20000,0.75,0.22999999999999995,3000,0.0
100000,20000,0.75,0.22999999999999995,4000,0.0
100000,20000,0.75,0.22999999999999995,5000,0.0
100000,20000,0.75,0.22999999999999995,6000,0.0
100000,20000,0.75,0.22999999999999995,7000,0.0
100000,20000,0.75,0.22999999999999995,8000,0.0
100000,20000,0.75,0.22999999999999995,9000,0.0
100000,20000,0.75,0.22999999999999995,10000,0.0
100000,20000,0.75,0.22999999999999995,11000,0.0
100000,20000,0.75,0.22999999999999995,12000,0.0
100000,20000,0.75,0.22999999999999995,13000,0.0
100000,20000,0.75,0.22999999999999995,14000,0.0
100000,20000,0.75,0.22999999999999995,15000,0.0
100000,20000,0.75,0.22999999999999995,16000,0.0
100000,20000,0.75,0.22999999999999995,17000,0.0
100000,20000,0.75,0.22999999999999995,18000,0.0
100000,20000,0.75,0.22999999999999995,19000,0.0
100000,20000,0.75,0.23999999999999994,0,0.83024
100000,20000,0.75,0.23999999999999994,1000,0.0
100000,20000,0.75,0.23999999999999994,2000,0.0
100000,20000,0.75,0.23999999999999994,3000,0.0
100000,20000,0.75,0.23999999999999994,4000,0.0
100000,20000,0.75,0.23999999999999994,5000,0.0
100000,20000,0.75,0.23999999999999994,6000,0.0
100000,20000,0.75,0.23999999999999994,7000,0.0
100000,20000,0.75,0.23999999999999994,8000,0.0
100000,20000,0.75,0.23999999999999994,9000,0.0
100000,20000,0.75,0.23999999999999994,10000,0.0
100000,20000,0.75,0.23999999999999994,11000,0.0
100000,20000,0.75,0.23999999999999994,12000,0.0
100000,20000,0.75,0.23999999999999994,13000,0.0
100000,20000,0.75,0.23999999999999994,14000,0.0
100000,20000,0.75,0.23999999999999994,15000,0.0
100000,20000,0.75,0.23999999999999994,16000,0.0
100000,20000,0.75,0.23999999999999994,17000,0.0
100000,20000,0.75,0.23999999999999994,18000,0.0
100000,20000,0.75,0.23999999999999994,19000,0.0
100000,20000,0.75,0.24999999999999992,0,0.83365
100000,20000,0.75,0.24999999999999992,1000,0.0
100000,20000,0.75,0.24999999999999992,2000,0.0
100000,20000,0.75,0.24999999999999992,3000,0.0
100000,20000,0.75,0.24999999999999992,4000,0.0
100000,20000,0.75,0.24999999999999992,5000,0.0
100000,20000,0.75,0.24999999999999992,6000,0.0
100000,20000,0.75,0.24999999999999992,7000,0.0
100000,20000,0.75,0.24999999999999992,8000,0.0
100000,20000,0.75,0.24999999999999992,9000,0.0
100000,20000,0.75,0.24999999999999992,10000,0.0
100000,20000,0.75,0.24999999999999992,11000,0.0
100000,20000,0.75,0.24999999999999992,12000,0.0
100000,20000,0.75,0.24999999999999992,13000,0.0
100000,20000,0.75,0.24999999999999992,14000,0.0
100000,20000,0.75,0.24999999999999992,15000,0.0
100000,20000,0.75,0.24999999999999992,16000,0.0
100000,20000,0.75,0.24999999999999992,17000,0.0
100000,20000,0.75,0.24999999999999992,18000,0.0
100000,20000,0.75,0.24999999999999992,19000,0.0
100000,20000,0.75,0.2599999999999999,0,0.83808
100000,20000,0.75,0.2599999999999999,1000,0.0
100000,20000,0.75,0.2599999999999999,2000,0.0
100000,20000,0.75,0.2599999999999999,3000,0.0
100000,20000,0.75,0.2599999999999999,4000,0.0
100000,20000,0.75,0.2599999999999999,5000,0.0
100000,20000,0.75,0.2599999999999999,6000,0.0
100000,20000,0.75,0.2599999999999999,7000,0.0
100000,20000,0.75,0.2599999999999999,8000,0.0
100000,20000,0.75,0.2599999999999999,9000,0.0
100000,20000,0.75,0.2599999999999999,10000,0.0
100000,20000,0.75,0.2599999999999999,11000,0.0
100000,20000,0.75,0.2599999999999999,12000,0.0
100000,20000,0.75,0.2599999999999999,13000,0.0
100000,20000,0.75,0.2599999999999999,14000,0.0
100000,20000,0.75,0.2599999999999999,15000,0.0
100000,20000,0.75,0.2599999999999999,16000,0.0
100000,20000,0.75,0.2599999999999999,17000,0.0
100000,20000,0.75,0.2599999999999999,18000,0.0
100000,20000,0.75,0.2599999999999999,19000,0.0
100000,20000,0.75,0.2699999999999999,0,0.84126
100000,20000,0.75,0.2699999999999999,1000,0.0
100000,20000,0.75,0.2699999999999999,2000,0.0
100000,20000,0.75,0.2699999999999999,3000,0.0
100000,20000,0.75,0.2699999999999999,4000,0.0
100000,20000,0.75,0.2699999999999999,5000,0.0
100000,20000,0.75,0.2699999999999999,6000,0.0
100000,20000,0.75,0.2699999999999999,7000,0.0
100000,20000,0.75,0.2699999999999999,8000,0.0
100000,20000,0.75,0.2699999999999999,9000,0.0
100000,20000,0.75,0.2699999999999999,10000,0.0
100000,20000,0.75,0.2699999999999999,11000,0.0
100000,20000,0.75,0.2699999999999999,12000,0.0
100000,20000,0.75,0.2699999999999999,13000,0.0
100000,20000,0.75,0.2699999999999999,14000,0.0
100000,20000,0.75,0.2699999999999999,15000,0.0
100000,20000,0.75,0.2699999999999999,16000,0.0
100000,20000,0.75,0.2699999999999999,17000,0.0
100000,20000,0.75,0.2699999999999999,18000,0.0
100000,20000,0.75,0.2699999999999999,19000,0.0
100000,20000,0.75,0.2799999999999999,0,0.84529
100000,20000,0.75,0.2799999999999999,1000,0.0
100000,20000,0.75,0.2799999999999999,2000,0.0
100000,20000,0.75,0.2799999999999999,3000,0.0
100000,20000,0.75,0.2799999999999999,4000,0.0
100000,20000,0.75,0.2799999999999999,5000,0.0
100000,20000,0.75,0.2799999999999999,6000,0.0
100000,20000,0.75,0.2799999999999999,7000,0.0
100000,20000,0.75,0.2799999999999999,8000,0.0
100000,20000,0.75,0.2799999999999999,9000,0.0
100000,20000,0.75,0.2799999999999999,10000,0.0
100000,20000,0.75,0.2799999999999999,11000,0.0
100000,20000,0.75,0.2799999999999999,12000,0.0
100000,20000,0.75,0.2799999999999999,13000,0.0
100000,20000,0.75,0.2799999999999999,14000,0.0
100000,20000,0.75,0.2799999999999999,15000,0.0
100000,20000,0.75,0.2799999999999999,16000,0.0
100000,20000,0.75,0.2799999999999999,17000,0.0
100000,20000,0.75,0.2799999999999999,18000,0.0
100000,20000,0.75,0.2799999999999999,19000,0.0
100000,20000,0.75,0.2899999999999999,0,0.84633
100000,20000,0.75,0.2899999999999999,1000,0.0
100000,20000,0.75,0.2899999999999999,2000,0.0
100000,20000,0.75,0.2899999999999999,3000,0.0
100000,20000,0.75,0.2899999999999999,4000,0.0
100000,20000,0.75,0.2899999999999999,5000,0.0
100000,20000,0.75,0.2899999999999999,6000,0.0
100000,20000,0.75,0.2899999999999999,7000,0.0
100000,20000,0.75,0.2899999999999999,8000,0.0
100000,20000,0.75,0.2899999999999999,9000,0.0
100000,20000,0.75,0.2899999999999999,10000,0.0
100000,20000,0.75,0.2899999999999999,11000,0.0
100000,20000,0.75,0.2899999999999999,12000,0.0
100000,20000,0.75,0.2899999999999999,13000,0.0
100000,20000,0.75,0.2899999999999999,14000,0.0
100000,20000,0.75,0.2899999999999999,15000,0.0
100000,20000,0.75,0.2899999999999999,16000,0.0
100000,20000,0.75,0.2899999999999999,17000,0.0
100000,20000,0.75,0.2899999999999999,18000,0.0
100000,20000,0.75,0.2899999999999999,19000,0.0
100000,20000,0.75,0.29999999999999993,0,0.84814
100000,20000,0.75,0.29999999999999993,1000,0.0
100000,20000,0.75,0.29999999999999993,2000,0.0
100000,20000,0.75,0.29999999999999993,3000,0.0
100000,20000,0.75,0.29999999999999993,4000,0.0
100000,20000,0.75,0.29999999999999993,5000,0.0
100000,20000,0.75,0.29999999999999993,6000,0.0
100000,20000,0.75,0.29999999999999993,7000,0.0
100000,20000,0.75,0.29999999999999993,8000,0.0
100000,20000,0.75,0.29999999999999993,9000,0.0
100000,20000,0.75,0.29999999999999993,10000,0.0
100000,20000,0.75,0.29999999999999993,11000,0.0
100000,20000,0.75,0.29999999999999993,12000,0.0
100000,20000,0.75,0.29999999999999993,13000,0.0
100000,20000,0.75,0.29999999999999993,14000,0.0
100000,20000,0.75,0.29999999999999993,15000,0.0
100000,20000,0.75,0.29999999999999993,16000,0.0
100000,20000,0.75,0.29999999999999993,17000,0.0
100000,20000,0.75,0.29999999999999993,18000,0.0
100000,20000,0.75,0.29999999999999993,19000,0.0
100000,20000,0.75,0.30999999999999994,0,0.85117
100000,20000,0.75,0.30999999999999994,1000,0.0
100000,20000,0.75,0.30999999999999994,2000,0.0
100000,20000,0.75,0.30999999999999994,3000,0.0
100000,20000,0.75,0.30999999999999994,4000,0.0
100000,20000,0.75,0.30999999999999994,5000,0.0
100000,20000,0.75,0.30999999999999994,6000,0.0
100000,20000,0.75,0.30999999999999994,7000,0.0
100000,20000,0.75,0.30999999999999994,8000,0.0
100000,20000,0.75,0.30999999999999994,9000,0.0
100000,20000,0.75,0.30999999999999994,10000,0.0
100000,20000,0.75,0.30999999999999994,11000,0.0
100000,20000,0.75,0.30999999999999994,12000,0.0
100000,20000,0.75,0.30999999999999994,13000,0.0
100000,20000,0.75,0.30999999999999994,14000,0.0
100000,20000,0.75,0.30999999999999994,15000,0.0
100000,20000,0.75,0.30999999999999994,16000,0.0
100000,20000,0.75,0.30999999999999994,17000,0.0
100000,20000,0.75,0.30999999999999994,18000,0.0
100000,20000,0.75,0.30999999999999994,19000,0.0
100000,20000,0.75,0.3199999999999999,0,0.85546
100000,20000,0.75,0.3199999999999999,1000,0.0
100000,20000,0.75,0.3199999999999999,2000,0.0
100000,20000,0.75,0.3199999999999999,3000,0.0
100000,20000,0.75,0.3199999999999999,4000,0.0
100000,20000,0.75,0.3199999999999999,5000,0.0
100000,20000,0.75,0.3199999999999999,6000,0.0
100000,20000,0.75,0.3199999999999999,7000,0.0
100000,20000,0.75,0.3199999999999999,8000,0.0
100000,20000,0.75,0.3199999999999999,9000,0.0
100000,20000,0.75,0.3199999999999999,10000,0.0
100000,20000,0.75,0.3199999999999999,11000,0.0
100000,20000,0.75,0.3199999999999999,12000,0.0
100000,20000,0.75,0.3199999999999999,13000,0.0
100000,20000,0.75,0.3199999999999999,14000,0.0
100000,20000,0.75,0.3199999999999999,15000,0.0
100000,20000,0.75,0.3199999999999999,16000,0.0
100000,20000,0.75,0.3199999999999999,17000,0.0
100000,20000,0.75,0.3199999999999999,18000,0.0
100000,20000,0.75,0.3199999999999999,19000,0.0
100000,20000,0.75,0.32999999999999985,0,0.85776
100000,20000,0.75,0.32999999999999985,1000,0.0
100000,20000,0.75,0.32999999999999985,2000,0.0
100000,20000,0.75,0.32999999999999985,3000,0.0
100000,20000,0.75,0.32999999999999985,4000,0.0
100000,20000,0.75,0.32999999999999985,5000,0.0
100000,20000,0.75,0.32999999999999985,6000,0.0
100000,20000,0.75,0.32999999999999985,7000,0.0
100000,20000,0.75,0.32999999999999985,8000,0.0
100000,20000,0.75,0.32999999999999985,9000,0.0
100000,20000,0.75,0.32999999999999985,10000,0.0
100000,20000,0.75,0.32999999999999985,11000,0.0
100000,20000,0.75,0.32999999999999985,12000,0.0
100000,20000,0.75,0.32999999999999985,13000,0.0
100000,20000,0.75,0.32999999999999985,14000,0.0
100000,20000,0.75,0.32999999999999985,15000,0.0
100000,20000,0.75,0.32999999999999985,16000,0.0
100000,20000,0.75,0.32999999999999985,17000,0.0
100000,20000,0.75,0.32999999999999985,18000,0.0
100000,20000,0.75,0.32999999999999985,19000,0.0
100000,20000,0.75,0.33999999999999986,0,0.85977
100000,20000,0.75,0.33999999999999986,1000,0.0
100000,20000,0.75,0.33999999999999986,2000,0.0
100000,20000,0.75,0.33999999999999986,3000,0.0
100000,20000,0.75,0.33999999999999986,4000,0.0
100000,20000,0.75,0.33999999999999986,5000,0.0
100000,20000,0.75,0.33999999999999986,6000,0.0
100000,20000,0.75,0.33999999999999986,7000,0.0
100000,20000,0.75,0.33999999999999986,8000,0.0
100000,20000,0.75,0.33999999999999986,9000,0.0
100000,20000,0.75,0.33999999999999986,10000,0.0
100000,20000,0.75,0.33999999999999986,11000,0.0
100000,20000,0.75,0.33999999999999986,12000,0.0
100000,20000,0.75,0.33999999999999986,13000,0.0
100000,20000,0.75,0.33999999999999986,14000,0.0
100000,20000,0.75,0.33999999999999986,15000,0.0
100000,20000,0.75,0.33999999999999986,16000,0.0
100000,20000,0.75,0.33999999999999986,17000,0.0
100000,20000,0.75,0.33999999999999986,18000,0.0
100000,20000,0.75,0.33999999999999986,19000,0.0
100000,20000,0.75,0.34999999999999987,0,0.86388
100000,20000,0.75,0.34999999999999987,1000,0.0
100000,20000,0.75,0.34999999999999987,2000,0.0
100000,20000,0.75,0.34999999999999987,3000,0.0
100000,20000,0.75,0.34999999999999987,4000,0.0
100000,20000,0.75,0.34999999999999987,5000,0.0
100000,20000,0.75,0.34999999999999987,6000,0.0
100000,20000,0.75,0.34999999999999987,7000,0.0
100000,20000,0.75,0.34999999999999987,8000,0.0
100000,20000,0.75,0.34999999999999987,9000,0.0
100000,20000,0.75,0.34999999999999987,10000,0.0
100000,20000,0.75,0.34999999999999987,11000,0.0
100000,20000,0.75,0.34999999999999987,12000,0.0
100000,20000,0.75,0.34999999999999987,13000,0.0
100000,20000,0.75,0.34999999999999987,14000,0.0
100000,20000,0.75,0.34999999999999987,15000,0.0
100000,20000,0.75,0.34999999999999987,16000,0.0
100000,20000,0.75,0.34999999999999987,17000,0.0
100000,20000,0.75,0.34999999999999987,18000,0.0
100000,20000,0.75,0.34999999999999987,19000,0.0
100000,20000,0.75,0.3599999999999999,0,0.86657
100000,20000,0.75,0.3599999999999999,1000,0.0
100000,20000,0.75,0.3599999999999999,2000,0.0
100000,20000,0.75,0.3599999999999999,3000,0.0
100000,20000,0.75,0.3599999999999999,4000,0.0
100000,20000,0.75,0.3599999999999999,5000,0.0
100000,20000,0.75,0.3599999999999999,6000,0.0
100000,20000,0.75,0.3599999999999999,7000,0.0
100000,20000,0.75,0.3599999999999999,8000,0.0
100000,20000,0.75,0.3599999999999999,9000,0.0
100000,20000,0.75,0.3599999999999999,10000,0.0
100000,20000,0.75,0.3599999999999999,11000,0.0
100000,20000,0.75,0.3599999999999999,12000,0.0
100000,20000,0.75,0.3599999999999999,13000,0.0
100000,20000,0.75,0.3599999999999999,14000,0.0
100000,20000,0.75,0.3599999999999999,15000,0.0
100000,20000,0.75,0.3599999999999999,16000,0.0
100000,20000,0.75,0.3599999999999999,17000,0.0
100000,20000,0.75,0.3599999999999999,18000,0.0
100000,20000,0.75,0.3599999999999999,19000,0.0
100000,20000,0.75,0.3699999999999999,0,0.87011
100000,20000,0.75,0.3699999999999999,1000,0.0
100000,20000,0.75,0.3699999999999999,2000,0.0
100000,20000,0.75,0.3699999999999999,3000,0.0
100000,20000,0.75,0.3699999999999999,4000,0.0
100000,20000,0.75,0.3699999999999999,5000,0.0
100000,20000,0.75,0.3699999999999999,6000,0.0
100000,20000,0.75,0.3699999999999999,7000,0.0
100000,20000,0.75,0.3699999999999999,8000,0.0
100000,20000,0.75,0.3699999999999999,9000,0.0
100000,20000,0.75,0.3699999999999999,10000,0.0
100000,20000,0.75,0.3699999999999999,11000,0.0
100000,20000,0.75,0.3699999999999999,12000,0.0
100000,20000,0.75,0.3699999999999999,13000,0.0
100000,20000,0.75,0.3699999999999999,14000,0.0
100000,20000,0.75,0.3699999999999999,15000,0.0
100000,20000,0.75,0.3699999999999999,16000,0.0
100000,20000,0.75,0.3699999999999999,17000,0.0
100000,20000,0.75,0.3699999999999999,18000,0.0
100000,20000,0.75,0.3699999999999999,19000,0.0
100000,20000,0.75,0.3799999999999999,0,0.87198
100000,20000,0.75,0.3799999999999999,1000,0.0
100000,20000,0.75,0.3799999999999999,2000,0.0
100000,20000,0.75,0.3799999999999999,3000,0.0
100000,20000,0.75,0.3799999999999999,4000,0.0
100000,20000,0.75,0.3799999999999999,5000,0.0
100000,20000,0.75,0.3799999999999999,6000,0.0
100000,20000,0.75,0.3799999999999999,7000,0.0
100000,20000,0.75,0.3799999999999999,8000,0.0
100000,20000,0.75,0.3799999999999999,9000,0.0
100000,20000,0.75,0.3799999999999999,10000,0.0
100000,20000,0.75,0.3799999999999999,11000,0.0
100000,20000,0.75,0.3799999999999999,12000,0.0
100000,20000,0.75,0.3799999999999999,13000,0.0
100000,20000,0.75,0.3799999999999999,14000,0.0
100000,20000,0.75,0.3799999999999999,15000,0.0
100000,20000,0.75,0.3799999999999999,16000,0.0
100000,20000,0.75,0.3799999999999999,17000,0.0
100000,20000,0.75,0.3799999999999999,18000,0.0
100000,20000,0.75,0.3799999999999999,19000,0.0
100000,20000,0.75,0.3899999999999999,0,0.8768
100000,20000,0.75,0.3899999999999999,1000,0.00041
100000,20000,0.75,0.3899999999999999,2000,0.0
100000,20000,0.75,0.3899999999999999,3000,0.0
100000,20000,0.75,0.3899999999999999,4000,0.0
100000,20000,0.75,0.3899999999999999,5000,0.0
100000,20000,0.75,0.3899999999999999,6000,0.0
100000,20000,0.75,0.3899999999999999,7000,0.0
100000,20000,0.75,0.3899999999999999,8000,0.0
100000,20000,0.75,0.3899999999999999,9000,0.0
100000,20000,0.75,0.3899999999999999,10000,0.0
100000,20000,0.75,0.3899999999999999,11000,0.0
100000,20000,0.75,0.3899999999999999,12000,0.0
100000,20000,0.75,0.3899999999999999,13000,0.0
100000,20000,0.75,0.3899999999999999,14000,0.0
100000,20000,0.75,0.3899999999999999,15000,0.0
100000,20000,0.75,0.3899999999999999,16000,0.0
100000,20000,0.75,0.3899999999999999,17000,0.0
100000,20000,0.75,0.3899999999999999,18000,0.0
100000,20000,0.75,0.3899999999999999,19000,0.0
100000,20000,0.75,0.3999999999999998,0,0.87765
100000,20000,0.75,0.3999999999999998,1000,0.00415
100000,20000,0.75,0.3999999999999998,2000,3e-05
100000,20000,0.75,0.3999999999999998,3000,0.0
100000,20000,0.75,0.3999999999999998,4000,0.0
100000,20000,0.75,0.3999999999999998,5000,0.0
100000,20000,0.75,0.3999999999999998,6000,0.0
100000,20000,0.75,0.3999999999999998,7000,0.0
100000,20000,0.75,0.3999999999999998,8000,0.0
100000,20000,0.75,0.3999999999999998,9000,0.0
100000,20000,0.75,0.3999999999999998,10000,0.0
100000,20000,0.75,0.3999999999999998,11000,0.0
100000,20000,0.75,0.3999999999999998,12000,0.0
100000,20000,0.75,0.3999999999999998,13000,0.0
100000,20000,0.75,0.3999999999999998,14000,0.0
100000,20000,0.75,0.3999999999999998,15000,0.0
100000,20000,0.75,0.3999999999999998,16000,0.0
100000,20000,0.75,0.3999999999999998,17000,0.0
100000,20000,0.75,0.3999999999999998,18000,0.0
100000,20000,0.75,0.3999999999999998,19000,0.0
100000,20000,0.75,0.4099999999999998,0,0.8798
100000,20000,0.75,0.4099999999999998,1000,0.00712
100000,20000,0.75,0.4099999999999998,2000,0.00011
100000,20000,0.75,0.4099999999999998,3000,0.0
100000,20000,0.75,0.4099999999999998,4000,0.0
100000,20000,0.75,0.4099999999999998,5000,0.0
100000,20000,0.75,0.4099999999999998,6000,0.0
100000,20000,0.75,0.4099999999999998,7000,0.0
100000,20000,0.75,0.4099999999999998,8000,0.0
100000,20000,0.75,0.4099999999999998,9000,0.0
100000,20000,0.75,0.4099999999999998,10000,0.0
100000,20000,0.75,0.4099999999999998,11000,0.0
100000,20000,0.75,0.4099999999999998,12000,0.0
100000,20000,0.75,0.4099999999999998,13000,0.0
100000,20000,0.75,0.4099999999999998,14000,0.0
100000,20000,0.75,0.4099999999999998,15000,0.0
100000,20000,0.75,0.4099999999999998,16000,0.0
100000,20000,0.75,0.4099999999999998,17000,0.0
100000,20000,0.75,0.4099999999999998,18000,0.0
100000,20000,0.75,0.4099999999999998,19000,0.0
100000,20000,0.75,0.4199999999999998,0,0.88182
100000,20000,0.75,0.4199999999999998,1000,0.02851
100000,20000,0.75,0.4199999999999998,2000,0.00315
100000,20000,0.75,0.4199999999999998,3000,0.00021
100000,20000,0.75,0.4199999999999998,4000,0.0
100000,20000,0.75,0.4199999999999998,5000,0.0
100000,20000,0.75,0.4199999999999998,6000,0.0
100000,20000,0.75,0.4199999999999998,7000,0.0
100000,20000,0.75,0.4199999999999998,8000,0.0
100000,20000,0.75,0.4199999999999998,9000,0.0
100000,20000,0.75,0.4199999999999998,10000,0.0
100000,20000,0.75,0.4199999999999998,11000,0.0
100000,20000,0.75,0.4199999999999998,12000,0.0
100000,20000,0.75,0.4199999999999998,13000,0.0
100000,20000,0.75,0.4199999999999998,14000,0.0
100000,20000,0.75,0.4199999999999998,15000,0.0
100000,20000,0.75,0.4199999999999998,16000,0.0
100000,20000,0.75,0.4199999999999998,17000,0.0
100000,20000,0.75,0.4199999999999998,18000,0.0
100000,20000,0.75,0.4199999999999998,19000,0.0
100000,20000,0.75,0.4299999999999998,0,0.88605
100000,20000,0.75,0.4299999999999998,1000,0.08493
100000,20000,0.75,0.4299999999999998,2000,0.02227
100000,20000,0.75,0.4299999999999998,3000,0.0089
100000,20000,0.75,0.4299999999999998,4000,0.00205
100000,20000,0.75,0.4299999999999998,5000,0.00028
100000,20000,0.75,0.4299999999999998,6000,0.00053
100000,20000,0.75,0.4299999999999998,7000,0.00038
100000,20000,0.75,0.4299999999999998,8000,0.0
100000,20000,0.75,0.4299999999999998,9000,0.0
100000,20000,0.75,0.4299999999999998,10000,0.0
100000,20000,0.75,0.4299999999999998,11000,0.0
100000,20000,0.75,0.4299999999999998,12000,0.0
100000,20000,0.75,0.4299999999999998,13000,0.0
100000,20000,0.75,0.4299999999999998,14000,0.0
100000,20000,0.75,0.4299999999999998,15000,0.0
100000,20000,0.75,0.4299999999999998,16000,0.0
100000,20000,0.75,0.4299999999999998,17000,0.0
100000,20000,0.75,0.4299999999999998,18000,0.0
100000,20000,0.75,0.4299999999999998,19000,0.0
100000,20000,0.75,0.43999999999999984,0,0.88751
100000,20000,0.75,0.43999999999999984,1000,0.17787
100000,20000,0.75,0.43999999999999984,2000,0.09087
100000,20000,0.75,0.43999999999999984,3000,0.06115
100000,20000,0.75,0.43999999999999984,4000,0.02789
100000,20000,0.75,0.43999999999999984,5000,0.01658
100000,20000,0.75,0.43999999999999984,6000,0.00829
100000,20000,0.75,0.43999999999999984,7000,0.00282
100000,20000,0.75,0.43999999999999984,8000,0.00032
100000,20000,0.75,0.43999999999999984,9000,0.00061
100000,20000,0.75,0.43999999999999984,10000,0.0003
100000,20000,0.75,0.43999999999999984,11000,0.0002
100000,20000,0.75,0.43999999999999984,12000,0.0
100000,20000,0.75,0.43999999999999984,13000,0.0
100000,20000,0.75,0.43999999999999984,14000,0.0
100000,20000,0.75,0.43999999999999984,15000,0.0
100000,20000,0.75,0.43999999999999984,16000,0.0
100000,20000,0.75,0.43999999999999984,17000,0.0
100000,20000,0.75,0.43999999999999984,18000,0.0
100000,20000,0.75,0.43999999999999984,19000,0.0
100000,20000,0.75,0.44999999999999984,0,0.88806
100000,20000,0.75,0.44999999999999984,1000,0.28249
100000,20000,0.75,0.44999999999999984,2000,0.24123
100000,20000,0.75,0.44999999999999984,3000,0.2041
100000,20000,0.75,0.44999999999999984,4000,0.18899
100000,20000,0.75,0.44999999999999984,5000,0.16636
100000,20000,0.75,0.44999999999999984,6000,0.1376
100000,20000,0.75,0.44999999999999984,7000,0.13275
100000,20000,0.75,0.44999999999999984,8000,0.11795
100000,20000,0.75,0.44999999999999984,9000,0.10499
100000,20000,0.75,0.44999999999999984,10000,0.10098
100000,20000,0.75,0.44999999999999984,11000,0.09247
100000,20000,0.75,0.44999999999999984,12000,0.09101
100000,20000,0.75,0.44999999999999984,13000,0.08753
100000,20000,0.75,0.44999999999999984,14000,0.07753
100000,20000,0.75,0.44999999999999984,15000,0.06884
100000,20000,0.75,0.44999999999999984,16000,0.06574
100000,20000,0.75,0.44999999999999984,17000,0.05956
100000,20000,0.75,0.44999999999999984,18000,0.05607
100000,20000,0.75,0.44999999999999984,19000,0.05025
100000,20000,0.75,0.45999999999999985,0,0.89329
100000,20000,0.75,0.45999999999999985,1000,0.37053
100000,20000,0.75,0.45999999999999985,2000,0.36576
100000,20000,0.75,0.45999999999999985,3000,0.3538
100000,20000,0.75,0.45999999999999985,4000,0.34297
100000,20000,0.75,0.45999999999999985,5000,0.34489
100000,20000,0.75,0.45999999999999985,6000,0.34532
100000,20000,0.75,0.45999999999999985,7000,0.34834
100000,20000,0.75,0.45999999999999985,8000,0.34434
100000,20000,0.75,0.45999999999999985,9000,0.33066
100000,20000,0.75,0.45999999999999985,10000,0.34681
100000,20000,0.75,0.45999999999999985,11000,0.33694
100000,20000,0.75,0.45999999999999985,12000,0.34207
100000,20000,0.75,0.45999999999999985,13000,0.34796
100000,20000,0.75,0.45999999999999985,14000,0.34465
100000,20000,0.75,0.45999999999999985,15000,0.34788
100000,20000,0.75,0.45999999999999985,16000,0.35471
100000,20000,0.75,0.45999999999999985,17000,0.3554
100000,20000,0.75,0.45999999999999985,18000,0.34889
100000,20000,0.75,0.45999999999999985,19000,0.35586
100000,20000,0.75,0.46999999999999986,0,0.8955
100000,20000,0.75,0.46999999999999986,1000,0.46665
100000,20000,0.75,0.46999999999999986,2000,0.46153
100000,20000,0.75,0.46999999999999986,3000,0.46202
100000,20000,0.75,0.46999999999999986,4000,0.45126
100000,20000,0.75,0.46999999999999986,5000,0.46916
100000,20000,0.75,0.46999999999999986,6000,0.45755
100000,20000,0.75,0.46999999999999986,7000,0.46385
100000,20000,0.75,0.46999999999999986,8000,0.46022
100000,20000,0.75,0.46999999999999986,9000,0.45782
100000,20000,0.75,0.46999999999999986,10000,0.45373
100000,20000,0.75,0.46999999999999986,11000,0.46369
100000,20000,0.75,0.46999999999999986,12000,0.46136
100000,20000,0.75,0.46999999999999986,13000,0.46745
100000,20000,0.75,0.46999999999999986,14000,0.45492
100000,20000,0.75,0.46999999999999986,15000,0.45684
100000,20000,0.75,0.46999999999999986,16000,0.45936
100000,20000,0.75,0.46999999999999986,17000,0.46201
100000,20000,0.75,0.46999999999999986,18000,0.46021
100000,20000,0.75,0.46999999999999986,19000,0.47091
100000,20000,0.75,0.47999999999999976,0,0.89999
100000,20000,0.75,0.47999999999999976,1000,0.53241
100000,20000,0.75,0.47999999999999976,2000,0.52718
100000,20000,0.75,0.47999999999999976,3000,0.52002
100000,20000,0.75,0.47999999999999976,4000,0.52264
100000,20000,0.75,0.47999999999999976,5000,0.52722
100000,20000,0.75,0.47999999999999976,6000,0.53349
100000,20000,0.75,0.47999999999999976,7000,0.52531
100000,20000,0.75,0.47999999999999976,8000,0.52389
100000,20000,0.75,0.47999999999999976,9000,0.53332
100000,20000,0.75,0.47999999999999976,10000,0.52521
100000,20000,0.75,0.47999999999999976,11000,0.52991
100000,20000,0.75,0.47999999999999976,12000,0.52428
100000,20000,0.75,0.47999999999999976,13000,0.53328
100000,20000,0.75,0.47999999999999976,14000,0.51884
100000,20000,0.75,0.47999999999999976,15000,0.52456
100000,20000,0.75,0.47999999999999976,16000,0.53217
100000,20000,0.75,0.47999999999999976,17000,0.52106
100000,20000,0.75,0.47999999999999976,18000,0.5273
100000,20000,0.75,0.47999999999999976,19000,0.52825
100000,20000,0.75,0.48999999999999977,0,0.90071
100000,20000,0.75,0.48999999999999977,1000,0.57213
100000,20000,0.75,0.48999999999999977,2000,0.57848
100000,20000,0.75,0.48999999999999977,3000,0.57382
100000,20000,0.75,0.48999999999999977,4000,0.57431
100000,20000,0.75,0.48999999999999977,5000,0.57431
100000,20000,0.75,0.48999999999999977,6000,0.57341
100000,20000,0.75,0.48999999999999977,7000,0.57195
100000,20000,0.75,0.48999999999999977,8000,0.57554
100000,20000,0.75,0.48999999999999977,9000,0.57238
100000,20000,0.75,0.48999999999999977,10000,0.57065
100000,20000,0.75,0.48999999999999977,11000,0.57165
100000,20000,0.75,0.48999999999999977,12000,0.56976
100000,20000,0.75,0.48999999999999977,13000,0.58333
100000,20000,0.75,0.48999999999999977,14000,0.57122
100000,20000,0.75,0.48999999999999977,15000,0.57137
100000,20000,0.75,0.48999999999999977,16000,0.57723
100000,20000,0.75,0.48999999999999977,17000,0.56977
100000,20000,0.75,0.48999999999999977,18000,0.57251
100000,20000,0.75,0.48999999999999977,19000,0.57692
100000,20000,0.75,0.4999999999999998,0,0.9022
100000,20000,0.75,0.4999999999999998,1000,0.60599
100000,20000,0.75,0.4999999999999998,2000,0.61437
100000,20000,0.75,0.4999999999999998,3000,0.61244
100000,20000,0.75,0.4999999999999998,4000,0.61195
100000,20000,0.75,0.4999999999999998,5000,0.60904
100000,20000,0.75,0.4999999999999998,6000,0.60695
100000,20000,0.75,0.4999999999999998,7000,0.61351
100000,20000,0.75,0.4999999999999998,8000,0.61272
100000,20000,0.75,0.4999999999999998,9000,0.60287
100000,20000,0.75,0.4999999999999998,10000,0.61083
100000,20000,0.75,0.4999999999999998,11000,0.6206
100000,20000,0.75,0.4999999999999998,12000,0.61018
100000,20000,0.75,0.4999999999999998,13000,0.61511
100000,20000,0.75,0.4999999999999998,14000,0.61547
100000,20000,0.75,0.4999999999999998,15000,0.60876
100000,20000,0.75,0.4999999999999998,16000,0.60853
100000,20000,0.75,0.4999999999999998,17000,0.61206
100000,20000,0.75,0.4999999999999998,18000,0.60902
100000,20000,0.75,0.4999999999999998,19000,0.61801
100000,20000,0.75,0.5099999999999998,0,0.90507
100000,20000,0.75,0.5099999999999998,1000,0.63982
100000,20000,0.75,0.5099999999999998,2000,0.64389
100000,20000,0.75,0.5099999999999998,3000,0.64501
100000,20000,0.75,0.5099999999999998,4000,0.63383
100000,20000,0.75,0.5099999999999998,5000,0.63784
100000,20000,0.75,0.5099999999999998,6000,0.63766
100000,20000,0.75,0.5099999999999998,7000,0.64068
100000,20000,0.75,0.5099999999999998,8000,0.64123
100000,20000,0.75,0.5099999999999998,9000,0.64195
100000,20000,0.75,0.5099999999999998,10000,0.63972
100000,20000,0.75,0.5099999999999998,11000,0.64833
100000,20000,0.75,0.5099999999999998,12000,0.64636
100000,20000,0.75,0.5099999999999998,13000,0.64356
100000,20000,0.75,0.5099999999999998,14000,0.64018
100000,20000,0.75,0.5099999999999998,15000,0.6432
100000,20000,0.75,0.5099999999999998,16000,0.64177
100000,20000,0.75,0.5099999999999998,17000,0.64391
100000,20000,0.75,0.5099999999999998,18000,0.64307
100000,20000,0.75,0.5099999999999998,19000,0.64077
100000,20000,0.75,0.5199999999999998,0,0.90732
100000,20000,0.75,0.5199999999999998,1000,0.6658
100000,20000,0.75,0.5199999999999998,2000,0.67148
100000,20000,0.75,0.5199999999999998,3000,0.6686
100000,20000,0.75,0.5199999999999998,4000,0.67025
100000,20000,0.75,0.5199999999999998,5000,0.66227
100000,20000,0.75,0.5199999999999998,6000,0.66277
100000,20000,0.75,0.5199999999999998,7000,0.67294
100000,20000,0.75,0.5199999999999998,8000,0.66996
100000,20000,0.75,0.5199999999999998,9000,0.66845
100000,20000,0.75,0.5199999999999998,10000,0.66525
100000,20000,0.75,0.5199999999999998,11000,0.66967
100000,20000,0.75,0.5199999999999998,12000,0.6657
100000,20000,0.75,0.5199999999999998,13000,0.6717
100000,20000,0.75,0.5199999999999998,14000,0.67074
100000,20000,0.75,0.5199999999999998,15000,0.67033
100000,20000,0.75,0.5199999999999998,16000,0.6732
100000,20000,0.75,0.5199999999999998,17000,0.66866
100000,20000,0.75,0.5199999999999998,18000,0.66826
100000,20000,0.75,0.5199999999999998,19000,0.67107
100000,20000,0.75,0.5299999999999998,0,0.90964
100000,20000,0.75,0.5299999999999998,1000,0.68926
100000,20000,0.75,0.5299999999999998,2000,0.69287
100000,20000,0.75,0.5299999999999998,3000,0.69182
100000,20000,0.75,0.5299999999999998,4000,0.68896
100000,20000,0.75,0.5299999999999998,5000,0.6909
100000,20000,0.75,0.5299999999999998,6000,0.69352
100000,20000,0.75,0.5299999999999998,7000,0.69288
100000,20000,0.75,0.5299999999999998,8000,0.69058
100000,20000,0.75,0.5299999999999998,9000,0.68965
100000,20000,0.75,0.5299999999999998,10000,0.69067
100000,20000,0.75,0.5299999999999998,11000,0.69673
100000,20000,0.75,0.5299999999999998,12000,0.68704
100000,20000,0.75,0.5299999999999998,13000,0.68791
100000,20000,0.75,0.5299999999999998,14000,0.69382
100000,20000,0.75,0.5299999999999998,15000,0.6931
100000,20000,0.75,0.5299999999999998,16000,0.69145
100000,20000,0.75,0.5299999999999998,17000,0.6895
100000,20000,0.75,0.5299999999999998,18000,0.69147
100000,20000,0.75,0.5299999999999998,19000,0.69244
100000,20000,0.75,0.5399999999999998,0,0.91051
100000,20000,0.75,0.5399999999999998,1000,0.71448
100000,20000,0.75,0.5399999999999998,2000,0.70785
100000,20000,0.75,0.5399999999999998,3000,0.70622
100000,20000,0.75,0.5399999999999998,4000,0.71231
100000,20000,0.75,0.5399999999999998,5000,0.70805
100000,20000,0.75,0.5399999999999998,6000,0.71453
100000,20000,0.75,0.5399999999999998,7000,0.70953
100000,20000,0.75,0.5399999999999998,8000,0.71226
100000,20000,0.75,0.5399999999999998,9000,0.71125
100000,20000,0.75,0.5399999999999998,10000,0.71133
100000,20000,0.75,0.5399999999999998,11000,0.70862
100000,20000,0.75,0.5399999999999998,12000,0.71305
100000,20000,0.75,0.5399999999999998,13000,0.7083
100000,20000,0.75,0.5399999999999998,14000,0.70665
100000,20000,0.75,0.5399999999999998,15000,0.71496
100000,20000,0.75,0.5399999999999998,16000,0.71142
100000,20000,0.75,0.5399999999999998,17000,0.71329
100000,20000,0.75,0.5399999999999998,18000,0.71229
100000,20000,0.75,0.5399999999999998,19000,0.7082
100000,20000,0.75,0.5499999999999998,0,0.91243
100000,20000,0.75,0.5499999999999998,1000,0.72981
100000,20000,0.75,0.5499999999999998,2000,0.72796
100000,20000,0.75,0.5499999999999998,3000,0.72946
100000,20000,0.75,0.5499999999999998,4000,0.7252
100000,20000,0.75,0.5499999999999998,5000,0.73039
100000,20000,0.75,0.5499999999999998,6000,0.73061
100000,20000,0.75,0.5499999999999998,7000,0.72841
100000,20000,0.75,0.5499999999999998,8000,0.73154
100000,20000,0.75,0.5499999999999998,9000,0.73217
100000,20000,0.75,0.5499999999999998,10000,0.72643
100000,20000,0.75,0.5499999999999998,11000,0.73391
100000,20000,0.75,0.5499999999999998,12000,0.73183
100000,20000,0.75,0.5499999999999998,13000,0.72922
100000,20000,0.75,0.5499999999999998,14000,0.7289
100000,20000,0.75,0.5499999999999998,15000,0.72863
100000,20000,0.75,0.5499999999999998,16000,0.7287
100000,20000,0.75,0.5499999999999998,17000,0.73078
100000,20000,0.75,0.5499999999999998,18000,0.73188
100000,20000,0.75,0.5499999999999998,19000,0.7249
100000,20000,0.75,0.5599999999999997,0,0.91508
100000,20000,0.75,0.5599999999999997,1000,0.74762
100000,20000,0.75,0.5599999999999997,2000,0.74905
100000,20000,0.75,0.5599999999999997,3000,0.74805
100000,20000,0.75,0.5599999999999997,4000,0.74733
100000,20000,0.75,0.5599999999999997,5000,0.74689
100000,20000,0.75,0.5599999999999997,6000,0.74967
100000,20000,0.75,0.5599999999999997,7000,0.74672
100000,20000,0.75,0.5599999999999997,8000,0.74585
100000,20000,0.75,0.5599999999999997,9000,0.74396
100000,20000,0.75,0.5599999999999997,10000,0.74458
100000,20000,0.75,0.5599999999999997,11000,0.74697
100000,20000,0.75,0.5599999999999997,12000,0.74745
100000,20000,0.75,0.5599999999999997,13000,0.74807
100000,20000,0.75,0.5599999999999997,14000,0.74766
100000,20000,0.75,0.5599999999999997,15000,0.74568
100000,20000,0.75,0.5599999999999997,16000,0.74664
100000,20000,0.75,0.5599999999999997,17000,0.74988
100000,20000,0.75,0.5599999999999997,18000,0.74794
100000,20000,0.75,0.5599999999999997,19000,0.74923
100000,20000,0.75,0.5699999999999997,0,0.91789
100000,20000,0.75,0.5699999999999997,1000,0.76178
100000,20000,0.75,0.5699999999999997,2000,0.76229
100000,20000,0.75,0.5699999999999997,3000,0.75785
100000,20000,0.75,0.5699999999999997,4000,0.76015
100000,20000,0.75,0.5699999999999997,5000,0.76298
100000,20000,0.75,0.5699999999999997,6000,0.75864
100000,20000,0.75,0.5699999999999997,7000,0.76257
100000,20000,0.75,0.5699999999999997,8000,0.75799
100000,20000,0.75,0.5699999999999997,9000,0.75918
100000,20000,0.75,0.5699999999999997,10000,0.76198
100000,20000,0.75,0.5699999999999997,11000,0.76056
100000,20000,0.75,0.5699999999999997,12000,0.76129
100000,20000,0.75,0.5699999999999997,13000,0.75998
100000,20000,0.75,0.5699999999999997,14000,0.75758
100000,20000,0.75,0.5699999999999997,15000,0.75989
100000,20000,0.75,0.5699999999999997,16000,0.76063
100000,20000,0.75,0.5699999999999997,17000,0.76283
100000,20000,0.75,0.5699999999999997,18000,0.76096
100000,20000,0.75,0.5699999999999997,19000,0.76133
100000,20000,0.75,0.5799999999999997,0,0.91974
100000,20000,0.75,0.5799999999999997,1000,0.77858
100000,20000,0.75,0.5799999999999997,2000,0.77721
100000,20000,0.75,0.5799999999999997,3000,0.77415
100000,20000,0.75,0.5799999999999997,4000,0.7718
100000,20000,0.75,0.5799999999999997,5000,0.77491
100000,20000,0.75,0.5799999999999997,6000,0.77642
100000,20000,0.75,0.5799999999999997,7000,0.7713
100000,20000,0.75,0.5799999999999997,8000,0.77533
100000,20000,0.75,0.5799999999999997,9000,0.77161
100000,20000,0.75,0.5799999999999997,10000,0.77486
100000,20000,0.75,0.5799999999999997,11000,0.77352
100000,20000,0.75,0.5799999999999997,12000,0.77562
100000,20000,0.75,0.5799999999999997,13000,0.77286
100000,20000,0.75,0.5799999999999997,14000,0.77491
100000,20000,0.75,0.5799999999999997,15000,0.77922
100000,20000,0.75,0.5799999999999997,16000,0.77225
100000,20000,0.75,0.5799999999999997,17000,0.77552
100000,20000,0.75,0.5799999999999997,18000,0.77586
100000,20000,0.75,0.5799999999999997,19000,0.77507
100000,20000,0.75,0.5899999999999997,0,0.92085
100000,20000,0.75,0.5899999999999997,1000,0.78891
100000,20000,0.75,0.5899999999999997,2000,0.78799
100000,20000,0.75,0.5899999999999997,3000,0.78668
100000,20000,0.75,0.5899999999999997,4000,0.78666
100000,20000,0.75,0.5899999999999997,5000,0.78773
100000,20000,0.75,0.5899999999999997,6000,0.78544
100000,20000,0.75,0.5899999999999997,7000,0.79205
100000,20000,0.75,0.5899999999999997,8000,0.7896
100000,20000,0.75,0.5899999999999997,9000,0.78728
100000,20000,0.75,0.5899999999999997,10000,0.78924
100000,20000,0.75,0.5899999999999997,11000,0.7876
100000,20000,0.75,0.5899999999999997,12000,0.79054
100000,20000,0.75,0.5899999999999997,13000,0.78388
100000,20000,0.75,0.5899999999999997,14000,0.78455
100000,20000,0.75,0.5899999999999997,15000,0.7861
100000,20000,0.75,0.5899999999999997,16000,0.79315
100000,20000,0.75,0.5899999999999997,17000,0.7871
100000,20000,0.75,0.5899999999999997,18000,0.78956
100000,20000,0.75,0.5899999999999997,19000,0.78811
100000,20000,0.75,0.5999999999999998,0,0.92368
100000,20000,0.75,0.5999999999999998,1000,0.80064
100000,20000,0.75,0.5999999999999998,2000,0.79775
100000,20000,0.75,0.5999999999999998,3000,0.80153
100000,20000,0.75,0.5999999999999998,4000,0.80055
100000,20000,0.75,0.5999999999999998,5000,0.8047
100000,20000,0.75,0.5999999999999998,6000,0.80127
100000,20000,0.75,0.5999999999999998,7000,0.79737
100000,20000,0.75,0.5999999999999998,8000,0.80044
100000,20000,0.75,0.5999999999999998,9000,0.79714
100000,20000,0.75,0.5999999999999998,10000,0.79992
100000,20000,0.75,0.5999999999999998,11000,0.79934
100000,20000,0.75,0.5999999999999998,12000,0.79568
100000,20000,0.75,0.5999999999999998,13000,0.8002
100000,20000,0.75,0.5999999999999998,14000,0.79834
100000,20000,0.75,0.5999999999999998,15000,0.79932
100000,20000,0.75,0.5999999999999998,16000,0.7973
100000,20000,0.75,0.5999999999999998,17000,0.80179
100000,20000,0.75,0.5999999999999998,18000,0.80039
100000,20000,0.75,0.5999999999999998,19000,0.79667
100000,20000,0.75,0.6099999999999998,0,0.92702
100000,20000,0.75,0.6099999999999998,1000,0.81126
100000,20000,0.75,0.6099999999999998,2000,0.80765
100000,20000,0.75,0.6099999999999998,3000,0.80795
100000,20000,0.75,0.6099999999999998,4000,0.81022
100000,20000,0.75,0.6099999999999998,5000,0.80781
100000,20000,0.75,0.6099999999999998,6000,0.81042
100000,20000,0.75,0.6099999999999998,7000,0.81021
100000,20000,0.75,0.6099999999999998,8000,0.80998
100000,20000,0.75,0.6099999999999998,9000,0.81223
100000,20000,0.75,0.6099999999999998,10000,0.81068
100000,20000,0.75,0.6099999999999998,11000,0.81182
100000,20000,0.75,0.6099999999999998,12000,0.80961
100000,20000,0.75,0.6099999999999998,13000,0.81149
100000,20000,0.75,0.6099999999999998,14000,0.81446
100000,20000,0.75,0.6099999999999998,15000,0.80656
100000,20000,0.75,0.6099999999999998,16000,0.81259
100000,20000,0.75,0.6099999999999998,17000,0.80877
100000,20000,0.75,0.6099999999999998,18000,0.8112
100000,20000,0.75,0.6099999999999998,19000,0.8126
100000,20000,0.75,0.6199999999999998,0,0.92868
100000,20000,0.75,0.6199999999999998,1000,0.82026
100000,20000,0.75,0.6199999999999998,2000,0.82222
100000,20000,0.75,0.6199999999999998,3000,0.82222
100000,20000,0.75,0.6199999999999998,4000,0.82127
100000,20000,0.75,0.6199999999999998,5000,0.82457
100000,20000,0.75,0.6199999999999998,6000,0.82114
100000,20000,0.75,0.6199999999999998,7000,0.82247
100000,20000,0.75,0.6199999999999998,8000,0.82088
100000,20000,0.75,0.6199999999999998,9000,0.81972
100000,20000,0.75,0.6199999999999998,10000,0.81805
100000,20000,0.75,0.6199999999999998,11000,0.82219
100000,20000,0.75,0.6199999999999998,12000,0.81847
100000,20000,0.75,0.6199999999999998,13000,0.82204
100000,20000,0.75,0.6199999999999998,14000,0.82163
100000,20000,0.75,0.6199999999999998,15000,0.82216
100000,20000,0.75,0.6199999999999998,16000,0.82133
100000,20000,0.75,0.6199999999999998,17000,0.81607
100000,20000,0.75,0.6199999999999998,18000,0.81965
100000,20000,0.75,0.6199999999999998,19000,0.81974
100000,20000,0.75,0.6299999999999997,0,0.93137
100000,20000,0.75,0.6299999999999997,1000,0.83134
100000,20000,0.75,0.6299999999999997,2000,0.82769
100000,20000,0.75,0.6299999999999997,3000,0.82658
100000,20000,0.75,0.6299999999999997,4000,0.83155
100000,20000,0.75,0.6299999999999997,5000,0.8297
100000,20000,0.75,0.6299999999999997,6000,0.82754
100000,20000,0.75,0.6299999999999997,7000,0.82851
100000,20000,0.75,0.6299999999999997,8000,0.83074
100000,20000,0.75,0.6299999999999997,9000,0.82824
100000,20000,0.75,0.6299999999999997,10000,0.8324
100000,20000,0.75,0.6299999999999997,11000,0.83459
100000,20000,0.75,0.6299999999999997,12000,0.82828
100000,20000,0.75,0.6299999999999997,13000,0.82906
100000,20000,0.75,0.6299999999999997,14000,0.828
100000,20000,0.75,0.6299999999999997,15000,0.82565
100000,20000,0.75,0.6299999999999997,16000,0.83105
100000,20000,0.75,0.6299999999999997,17000,0.83104
100000,20000,0.75,0.6299999999999997,18000,0.83101
100000,20000,0.75,0.6299999999999997,19000,0.83041
100000,20000,0.75,0.6399999999999997,0,0.93379
100000,20000,0.75,0.6399999999999997,1000,0.83914
100000,20000,0.75,0.6399999999999997,2000,0.83732
100000,20000,0.75,0.6399999999999997,3000,0.83829
100000,20000,0.75,0.6399999999999997,4000,0.83911
100000,20000,0.75,0.6399999999999997,5000,0.84133
100000,20000,0.75,0.6399999999999997,6000,0.83622
100000,20000,0.75,0.6399999999999997,7000,0.84077
100000,20000,0.75,0.6399999999999997,8000,0.84092
100000,20000,0.75,0.6399999999999997,9000,0.84237
100000,20000,0.75,0.6399999999999997,10000,0.8397
100000,20000,0.75,0.6399999999999997,11000,0.83944
100000,20000,0.75,0.6399999999999997,12000,0.83875
100000,20000,0.75,0.6399999999999997,13000,0.83865
100000,20000,0.75,0.6399999999999997,14000,0.83807
100000,20000,0.75,0.6399999999999997,15000,0.83435
100000,20000,0.75,0.6399999999999997,16000,0.8417
100000,20000,0.75,0.6399999999999997,17000,0.83627
100000,20000,0.75,0.6399999999999997,18000,0.8387
100000,20000,0.75,0.6399999999999997,19000,0.836
100000,20000,0.75,0.6499999999999997,0,0.9346
100000,20000,0.75,0.6499999999999997,1000,0.84547
100000,20000,0.75,0.6499999999999997,2000,0.84609
100000,20000,0.75,0.6499999999999997,3000,0.84814
100000,20000,0.75,0.6499999999999997,4000,0.84863
100000,20000,0.75,0.6499999999999997,5000,0.84442
100000,20000,0.75,0.6499999999999997,6000,0.84525
100000,20000,0.75,0.6499999999999997,7000,0.8449
100000,20000,0.75,0.6499999999999997,8000,0.84508
100000,20000,0.75,0.6499999999999997,9000,0.84997
100000,20000,0.75,0.6499999999999997,10000,0.84602
100000,20000,0.75,0.6499999999999997,11000,0.84687
100000,20000,0.75,0.6499999999999997,12000,0.84596
100000,20000,0.75,0.6499999999999997,13000,0.84639
100000,20000,0.75,0.6499999999999997,14000,0.84612
100000,20000,0.75,0.6499999999999997,15000,0.84674
100000,20000,0.75,0.6499999999999997,16000,0.8461
100000,20000,0.75,0.6499999999999997,17000,0.84578
100000,20000,0.75,0.6499999999999997,18000,0.84862
100000,20000,0.75,0.6499999999999997,19000,0.84689
100000,20000,0.75,0.6599999999999997,0,0.93464
100000,20000,0.75,0.6599999999999997,1000,0.85331
100000,20000,0.75,0.6599999999999997,2000,0.85183
100000,20000,0.75,0.6599999999999997,3000,0.85596
100000,20000,0.75,0.6599999999999997,4000,0.85423
100000,20000,0.75,0.6599999999999997,5000,0.85353
100000,20000,0.75,0.6599999999999997,6000,0.85541
100000,20000,0.75,0.6599999999999997,7000,0.8544
100000,20000,0.75,0.6599999999999997,8000,0.85447
100000,20000,0.75,0.6599999999999997,9000,0.85638
100000,20000,0.75,0.6599999999999997,10000,0.85368
100000,20000,0.75,0.6599999999999997,11000,0.85484
100000,20000,0.75,0.6599999999999997,12000,0.85434
100000,20000,0.75,0.6599999999999997,13000,0.85512
100000,20000,0.75,0.6599999999999997,14000,0.85287
100000,20000,0.75,0.6599999999999997,15000,0.85361
100000,20000,0.75,0.6599999999999997,16000,0.85697
100000,20000,0.75,0.6599999999999997,17000,0.85674
100000,20000,0.75,0.6599999999999997,18000,0.85681
100000,20000,0.75,0.6599999999999997,19000,0.85779
100000,20000,0.75,0.6699999999999997,0,0.93924
100000,20000,0.75,0.6699999999999997,1000,0.86099
100000,20000,0.75,0.6699999999999997,2000,0.86236
100000,20000,0.75,0.6699999999999997,3000,0.85779
100000,20000,0.75,0.6699999999999997,4000,0.86301
100000,20000,0.75,0.6699999999999997,5000,0.86544
100000,20000,0.75,0.6699999999999997,6000,0.86169
100000,20000,0.75,0.6699999999999997,7000,0.86237
100000,20000,0.75,0.6699999999999997,8000,0.86256
100000,20000,0.75,0.6699999999999997,9000,0.8601
100000,20000,0.75,0.6699999999999997,10000,0.86176
100000,20000,0.75,0.6699999999999997,11000,0.86331
100000,20000,0.75,0.6699999999999997,12000,0.86401
100000,20000,0.75,0.6699999999999997,13000,0.86129
100000,20000,0.75,0.6699999999999997,14000,0.86012
100000,20000,0.75,0.6699999999999997,15000,0.86108
100000,20000,0.75,0.6699999999999997,16000,0.86039
100000,20000,0.75,0.6699999999999997,17000,0.85857
100000,20000,0.75,0.6699999999999997,18000,0.86314
100000,20000,0.75,0.6699999999999997,19000,0.86192
100000,20000,0.75,0.6799999999999997,0,0.93945
100000,20000,0.75,0.6799999999999997,1000,0.87118
100000,20000,0.75,0.6799999999999997,2000,0.86677
100000,20000,0.75,0.6799999999999997,3000,0.86842
100000,20000,0.75,0.6799999999999997,4000,0.86911
100000,20000,0.75,0.6799999999999997,5000,0.87047
100000,20000,0.75,0.6799999999999997,6000,0.86997
100000,20000,0.75,0.6799999999999997,7000,0.86977
100000,20000,0.75,0.6799999999999997,8000,0.87173
100000,20000,0.75,0.6799999999999997,9000,0.86968
100000,20000,0.75,0.6799999999999997,10000,0.86729
100000,20000,0.75,0.6799999999999997,11000,0.8682
100000,20000,0.75,0.6799999999999997,12000,0.86739
100000,20000,0.75,0.6799999999999997,13000,0.86697
100000,20000,0.75,0.6799999999999997,14000,0.87025
100000,20000,0.75,0.6799999999999997,15000,0.8688
100000,20000,0.75,0.6799999999999997,16000,0.8703
100000,20000,0.75,0.6799999999999997,17000,0.86682
100000,20000,0.75,0.6799999999999997,18000,0.87057
100000,20000,0.75,0.6799999999999997,19000,0.86712
100000,20000,0.75,0.6899999999999997,0,0.94216
100000,20000,0.75,0.6899999999999997,1000,0.87789
100000,20000,0.75,0.6899999999999997,2000,0.87736
100000,20000,0.75,0.6899999999999997,3000,0.87589
100000,20000,0.75,0.6899999999999997,4000,0.87691
100000,20000,0.75,0.6899999999999997,5000,0.87637
100000,20000,0.75,0.6899999999999997,6000,0.87342
100000,20000,0.75,0.6899999999999997,7000,0.87618
100000,20000,0.75,0.6899999999999997,8000,0.87575
100000,20000,0.75,0.6899999999999997,9000,0.87532
100000,20000,0.75,0.6899999999999997,10000,0.87503
100000,20000,0.75,0.6899999999999997,11000,0.87692
100000,20000,0.75,0.6899999999999997,12000,0.8728
100000,20000,0.75,0.6899999999999997,13000,0.87692
100000,20000,0.75,0.6899999999999997,14000,0.87447
100000,20000,0.75,0.6899999999999997,15000,0.87399
100000,20000,0.75,0.6899999999999997,16000,0.8761
100000,20000,0.75,0.6899999999999997,17000,0.87721
100000,20000,0.75,0.6899999999999997,18000,0.87577
100000,20000,0.75,0.6899999999999997,19000,0.8761
100000,20000,0.75,0.6999999999999996,0,0.94617
100000,20000,0.75,0.6999999999999996,1000,0.8849
100000,20000,0.75,0.6999999999999996,2000,0.8815
100000,20000,0.75,0.6999999999999996,3000,0.88008
100000,20000,0.75,0.6999999999999996,4000,0.87937
100000,20000,0.75,0.6999999999999996,5000,0.87953
100000,20000,0.75,0.6999999999999996,6000,0.88037
100000,20000,0.75,0.6999999999999996,7000,0.88296
100000,20000,0.75,0.6999999999999996,8000,0.88094
100000,20000,0.75,0.6999999999999996,9000,0.88129
100000,20000,0.75,0.6999999999999996,10000,0.8838
100000,20000,0.75,0.6999999999999996,11000,0.88198
100000,20000,0.75,0.6999999999999996,12000,0.88263
100000,20000,0.75,0.6999999999999996,13000,0.88111
100000,20000,0.75,0.6999999999999996,14000,0.88166
100000,20000,0.75,0.6999999999999996,15000,0.88092
100000,20000,0.75,0.6999999999999996,16000,0.88194
100000,20000,0.75,0.6999999999999996,17000,0.88206
100000,20000,0.75,0.6999999999999996,18000,0.87857
100000,20000,0.75,0.6999999999999996,19000,0.88293
100000,20000,0.75,0.7099999999999996,0,0.94688
100000,20000,0.75,0.7099999999999996,1000,0.88797
100000,20000,0.75,0.7099999999999996,2000,0.88623
100000,20000,0.75,0.7099999999999996,3000,0.88762
100000,20000,0.75,0.7099999999999996,4000,0.88885
100000,20000,0.75,0.7099999999999996,5000,0.88558
100000,20000,0.75,0.7099999999999996,6000,0.88829
100000,20000,0.75,0.7099999999999996,7000,0.88719
100000,20000,0.75,0.7099999999999996,8000,0.88616
100000,20000,0.75,0.7099999999999996,9000,0.88734
100000,20000,0.75,0.7099999999999996,10000,0.89068
100000,20000,0.75,0.7099999999999996,11000,0.88987
100000,20000,0.75,0.7099999999999996,12000,0.88799
100000,20000,0.75,0.7099999999999996,13000,0.88919
100000,20000,0.75,0.7099999999999996,14000,0.88907
100000,20000,0.75,0.7099999999999996,15000,0.88956
100000,20000,0.75,0.7099999999999996,16000,0.8897
100000,20000,0.75,0.7099999999999996,17000,0.88783
100000,20000,0.75,0.7099999999999996,18000,0.88649
100000,20000,0.75,0.7099999999999996,19000,0.88817
100000,20000,0.75,0.7199999999999996,0,0.94753
100000,20000,0.75,0.7199999999999996,1000,0.8931
100000,20000,0.75,0.7199999999999996,2000,0.89498
100000,20000,0.75,0.7199999999999996,3000,0.89151
100000,20000,0.75,0.7199999999999996,4000,0.89367
100000,20000,0.75,0.7199999999999996,5000,0.89353
100000,20000,0.75,0.7199999999999996,6000,0.89317
100000,20000,0.75,0.7199999999999996,7000,0.8949
100000,20000,0.75,0.7199999999999996,8000,0.89321
100000,20000,0.75,0.7199999999999996,9000,0.89418
100000,20000,0.75,0.7199999999999996,10000,0.89602
100000,20000,0.75,0.7199999999999996,11000,0.89555
100000,20000,0.75,0.7199999999999996,12000,0.89434
100000,20000,0.75,0.7199999999999996,13000,0.89412
100000,20000,0.75,0.7199999999999996,14000,0.89378
100000,20000,0.75,0.7199999999999996,15000,0.89093
100000,20000,0.75,0.7199999999999996,16000,0.8932
100000,20000,0.75,0.7199999999999996,17000,0.89177
100000,20000,0.75,0.7199999999999996,18000,0.89222
100000,20000,0.75,0.7199999999999996,19000,0.89181
100000,20000,0.75,0.7299999999999996,0,0.9479
100000,20000,0.75,0.7299999999999996,1000,0.89724
100000,20000,0.75,0.7299999999999996,2000,0.90162
100000,20000,0.75,0.7299999999999996,3000,0.89788
100000,20000,0.75,0.7299999999999996,4000,0.89825
100000,20000,0.75,0.7299999999999996,5000,0.90051
100000,20000,0.75,0.7299999999999996,6000,0.89906
100000,20000,0.75,0.7299999999999996,7000,0.89977
100000,20000,0.75,0.7299999999999996,8000,0.90001
100000,20000,0.75,0.7299999999999996,9000,0.89865
100000,20000,0.75,0.7299999999999996,10000,0.90126
100000,20000,0.75,0.7299999999999996,11000,0.89801
100000,20000,0.75,0.7299999999999996,12000,0.90108
100000,20000,0.75,0.7299999999999996,13000,0.89622
100000,20000,0.75,0.7299999999999996,14000,0.89977
100000,20000,0.75,0.7299999999999996,15000,0.89822
100000,20000,0.75,0.7299999999999996,16000,0.8998
100000,20000,0.75,0.7299999999999996,17000,0.9004
100000,20000,0.75,0.7299999999999996,18000,0.90004
100000,20000,0.75,0.7299999999999996,19000,0.89884
100000,20000,0.75,0.7399999999999997,0,0.95102
100000,20000,0.75,0.7399999999999997,1000,0.90297
100000,20000,0.75,0.7399999999999997,2000,0.90293
100000,20000,0.75,0.7399999999999997,3000,0.90394
100000,20000,0.75,0.7399999999999997,4000,0.90426
100000,20000,0.75,0.7399999999999997,5000,0.90341
100000,20000,0.75,0.7399999999999997,6000,0.90326
100000,20000,0.75,0.7399999999999997,7000,0.90494
100000,20000,0.75,0.7399999999999997,8000,0.90211
100000,20000,0.75,0.7399999999999997,9000,0.90255
100000,20000,0.75,0.7399999999999997,10000,0.90443
100000,20000,0.75,0.7399999999999997,11000,0.9013
100000,20000,0.75,0.7399999999999997,12000,0.90327
100000,20000,0.75,0.7399999999999997,13000,0.90162
100000,20000,0.75,0.7399999999999997,14000,0.90413
100000,20000,0.75,0.7399999999999997,15000,0.90386
100000,20000,0.75,0.7399999999999997,16000,0.90597
100000,20000,0.75,0.7399999999999997,17000,0.90487
100000,20000,0.75,0.7399999999999997,18000,0.90182
100000,20000,0.75,0.7399999999999997,19000,0.90367
100000,20000,0.75,0.7499999999999997,0,0.95244
100000,20000,0.75,0.7499999999999997,1000,0.9072
100000,20000,0.75,0.7499999999999997,2000,0.90698
100000,20000,0.75,0.7499999999999997,3000,0.90868
100000,20000,0.75,0.7499999999999997,4000,0.90859
100000,20000,0.75,0.7499999999999997,5000,0.90882
100000,20000,0.75,0.7499999999999997,6000,0.90766
100000,20000,0.75,0.7499999999999997,7000,0.90767
100000,20000,0.75,0.7499999999999997,8000,0.90902
100000,20000,0.75,0.7499999999999997,9000,0.90764
100000,20000,0.75,0.7499999999999997,10000,0.90976
100000,20000,0.75,0.7499999999999997,11000,0.90858
100000,20000,0.75,0.7499999999999997,12000,0.91152
100000,20000,0.75,0.7499999999999997,13000,0.90755
100000,20000,0.75,0.7499999999999997,14000,0.90729
100000,20000,0.75,0.7499999999999997,15000,0.90745
100000,20000,0.75,0.7499999999999997,16000,0.90973
100000,20000,0.75,0.7499999999999997,17000,0.91088
100000,20000,0.75,0.7499999999999997,18000,0.90974
100000,20000,0.75,0.7499999999999997,19000,0.91008
100000,20000,0.75,0.7599999999999997,0,0.95388
100000,20000,0.75,0.7599999999999997,1000,0.91242
100000,20000,0.75,0.7599999999999997,2000,0.91409
100000,20000,0.75,0.7599999999999997,3000,0.91092
100000,20000,0.75,0.7599999999999997,4000,0.91502
100000,20000,0.75,0.7599999999999997,5000,0.91423
100000,20000,0.75,0.7599999999999997,6000,0.91455
100000,20000,0.75,0.7599999999999997,7000,0.91145
100000,20000,0.75,0.7599999999999997,8000,0.91227
100000,20000,0.75,0.7599999999999997,9000,0.91286
100000,20000,0.75,0.7599999999999997,10000,0.91009
100000,20000,0.75,0.7599999999999997,11000,0.91311
100000,20000,0.75,0.7599999999999997,12000,0.91419
100000,20000,0.75,0.7599999999999997,13000,0.91128
100000,20000,0.75,0.7599999999999997,14000,0.91236
100000,20000,0.75,0.7599999999999997,15000,0.91487
100000,20000,0.75,0.7599999999999997,16000,0.91336
100000,20000,0.75,0.7599999999999997,17000,0.91396
100000,20000,0.75,0.7599999999999997,18000,0.91308
100000,20000,0.75,0.7599999999999997,19000,0.91305
100000,20000,0.75,0.7699999999999997,0,0.95523
100000,20000,0.75,0.7699999999999997,1000,0.9183
100000,20000,0.75,0.7699999999999997,2000,0.91849
100000,20000,0.75,0.7699999999999997,3000,0.91635
100000,20000,0.75,0.7699999999999997,4000,0.917
100000,20000,0.75,0.7699999999999997,5000,0.91638
100000,20000,0.75,0.7699999999999997,6000,0.91644
100000,20000,0.75,0.7699999999999997,7000,0.91716
100000,20000,0.75,0.7699999999999997,8000,0.91801
100000,20000,0.75,0.7699999999999997,9000,0.91673
100000,20000,0.75,0.7699999999999997,10000,0.91741
100000,20000,0.75,0.7699999999999997,11000,0.91903
100000,20000,0.75,0.7699999999999997,12000,0.91614
100000,20000,0.75,0.7699999999999997,13000,0.91664
100000,20000,0.75,0.7699999999999997,14000,0.91812
100000,20000,0.75,0.7699999999999997,15000,0.91961
100000,20000,0.75,0.7699999999999997,16000,0.91744
100000,20000,0.75,0.7699999999999997,17000,0.91637
100000,20000,0.75,0.7699999999999997,18000,0.9169
100000,20000,0.75,0.7699999999999997,19000,0.9188
100000,20000,0.75,0.7799999999999997,0,0.95713
100000,20000,0.75,0.7799999999999997,1000,0.9201
100000,20000,0.75,0.7799999999999997,2000,0.92265
100000,20000,0.75,0.7799999999999997,3000,0.92291
100000,20000,0.75,0.7799999999999997,4000,0.92414
100000,20000,0.75,0.7799999999999997,5000,0.92074
100000,20000,0.75,0.7799999999999997,6000,0.92356
100000,20000,0.75,0.7799999999999997,7000,0.92307
100000,20000,0.75,0.7799999999999997,8000,0.9217
100000,20000,0.75,0.7799999999999997,9000,0.92054
100000,20000,0.75,0.7799999999999997,10000,0.92166
100000,20000,0.75,0.7799999999999997,11000,0.92014
100000,20000,0.75,0.7799999999999997,12000,0.9221
100000,20000,0.75,0.7799999999999997,13000,0.92104
100000,20000,0.75,0.7799999999999997,14000,0.9217
100000,20000,0.75,0.7799999999999997,15000,0.91997
100000,20000,0.75,0.7799999999999997,16000,0.92096
100000,20000,0.75,0.7799999999999997,17000,0.92241
100000,20000,0.75,0.7799999999999997,18000,0.92141
100000,20000,0.75,0.7799999999999997,19000,0.92236
100000,20000,0.75,0.7899999999999996,0,0.95829
100000,20000,0.75,0.7899999999999996,1000,0.92534
100000,20000,0.75,0.7899999999999996,2000,0.92631
100000,20000,0.75,0.7899999999999996,3000,0.92407
100000,20000,0.75,0.7899999999999996,4000,0.92117
100000,20000,0.75,0.7899999999999996,5000,0.92625
100000,20000,0.75,0.7899999999999996,6000,0.92609
100000,20000,0.75,0.7899999999999996,7000,0.92489
100000,20000,0.75,0.7899999999999996,8000,0.92436
100000,20000,0.75,0.7899999999999996,9000,0.92647
100000,20000,0.75,0.7899999999999996,10000,0.92702
100000,20000,0.75,0.7899999999999996,11000,0.92557
100000,20000,0.75,0.7899999999999996,12000,0.92521
100000,20000,0.75,0.7899999999999996,13000,0.92475
100000,20000,0.75,0.7899999999999996,14000,0.9259
100000,20000,0.75,0.7899999999999996,15000,0.92492
100000,20000,0.75,0.7899999999999996,16000,0.92387
100000,20000,0.75,0.7899999999999996,17000,0.9237
100000,20000,0.75,0.7899999999999996,18000,0.92728
100000,20000,0.75,0.7899999999999996,19000,0.92469
100000,20000,0.75,0.7999999999999996,0,0.96018
100000,20000,0.75,0.7999999999999996,1000,0.92838
100000,20000,0.75,0.7999999999999996,2000,0.93013
100000,20000,0.75,0.7999999999999996,3000,0.93133
100000,20000,0.75,0.7999999999999996,4000,0.92948
100000,20000,0.75,0.7999999999999996,5000,0.92926
100000,20000,0.75,0.7999999999999996,6000,0.92803
100000,20000,0.75,0.7999999999999996,7000,0.92864
100000,20000,0.75,0.7999999999999996,8000,0.92867
100000,20000,0.75,0.7999999999999996,9000,0.92978
100000,20000,0.75,0.7999999999999996,10000,0.92766
100000,20000,0.75,0.7999999999999996,11000,0.93058
100000,20000,0.75,0.7999999999999996,12000,0.92847
100000,20000,0.75,0.7999999999999996,13000,0.93026
100000,20000,0.75,0.7999999999999996,14000,0.92929
100000,20000,0.75,0.7999999999999996,15000,0.92994
100000,20000,0.75,0.7999999999999996,16000,0.93006
100000,20000,0.75,0.7999999999999996,17000,0.93091
100000,20000,0.75,0.7999999999999996,18000,0.93004
100000,20000,0.75,0.7999999999999996,19000,0.92813
100000,20000,0.75,0.8099999999999996,0,0.96324
100000,20000,0.75,0.8099999999999996,1000,0.93293
100000,20000,0.75,0.8099999999999996,2000,0.93268
100000,20000,0.75,0.8099999999999996,3000,0.93368
100000,20000,0.75,0.8099999999999996,4000,0.93271
100000,20000,0.75,0.8099999999999996,5000,0.93152
100000,20000,0.75,0.8099999999999996,6000,0.93377
100000,20000,0.75,0.8099999999999996,7000,0.93294
100000,20000,0.75,0.8099999999999996,8000,0.93214
100000,20000,0.75,0.8099999999999996,9000,0.93276
100000,20000,0.75,0.8099999999999996,10000,0.93048
100000,20000,0.75,0.8099999999999996,11000,0.93324
100000,20000,0.75,0.8099999999999996,12000,0.93263
100000,20000,0.75,0.8099999999999996,13000,0.93292
100000,20000,0.75,0.8099999999999996,14000,0.9323
100000,20000,0.75,0.8099999999999996,15000,0.93428
100000,20000,0.75,0.8099999999999996,16000,0.93395
100000,20000,0.75,0.8099999999999996,17000,0.93048
100000,20000,0.75,0.8099999999999996,18000,0.933
100000,20000,0.75,0.8099999999999996,19000,0.9342
100000,20000,0.75,0.8199999999999996,0,0.96395
100000,20000,0.75,0.8199999999999996,1000,0.93752
100000,20000,0.75,0.8199999999999996,2000,0.9349
100000,20000,0.75,0.8199999999999996,3000,0.93718
100000,20000,0.75,0.8199999999999996,4000,0.93721
100000,20000,0.75,0.8199999999999996,5000,0.93593
100000,20000,0.75,0.8199999999999996,6000,0.93608
100000,20000,0.75,0.8199999999999996,7000,0.93692
100000,20000,0.75,0.8199999999999996,8000,0.93598
100000,20000,0.75,0.8199999999999996,9000,0.93724
100000,20000,0.75,0.8199999999999996,10000,0.93756
100000,20000,0.75,0.8199999999999996,11000,0.93512
100000,20000,0.75,0.8199999999999996,12000,0.93627
100000,20000,0.75,0.8199999999999996,13000,0.93687
100000,20000,0.75,0.8199999999999996,14000,0.93762
100000,20000,0.75,0.8199999999999996,15000,0.93697
100000,20000,0.75,0.8199999999999996,16000,0.93609
100000,20000,0.75,0.8199999999999996,17000,0.93617
100000,20000,0.75,0.8199999999999996,18000,0.93686
100000,20000,0.75,0.8199999999999996,19000,0.93513
100000,20000,0.75,0.8299999999999996,0,0.96381
100000,20000,0.75,0.8299999999999996,1000,0.93839
100000,20000,0.75,0.8299999999999996,2000,0.94023
100000,20000,0.75,0.8299999999999996,3000,0.94162
100000,20000,0.75,0.8299999999999996,4000,0.94189
100000,20000,0.75,0.8299999999999996,5000,0.93975
100000,20000,0.75,0.8299999999999996,6000,0.93934
100000,20000,0.75,0.8299999999999996,7000,0.93886
100000,20000,0.75,0.8299999999999996,8000,0.93916
100000,20000,0.75,0.8299999999999996,9000,0.93916
100000,20000,0.75,0.8299999999999996,10000,0.93936
100000,20000,0.75,0.8299999999999996,11000,0.94031
100000,20000,0.75,0.8299999999999996,12000,0.93754
100000,20000,0.75,0.8299999999999996,13000,0.94003
100000,20000,0.75,0.8299999999999996,14000,0.94004
100000,20000,0.75,0.8299999999999996,15000,0.93901
100000,20000,0.75,0.8299999999999996,16000,0.9395
100000,20000,0.75,0.8299999999999996,17000,0.94115
100000,20000,0.75,0.8299999999999996,18000,0.94009
100000,20000,0.75,0.8299999999999996,19000,0.94011
100000,20000,0.75,0.8399999999999996,0,0.96489
100000,20000,0.75,0.8399999999999996,1000,0.94163
100000,20000,0.75,0.8399999999999996,2000,0.94188
100000,20000,0.75,0.8399999999999996,3000,0.94343
100000,20000,0.75,0.8399999999999996,4000,0.94268
100000,20000,0.75,0.8399999999999996,5000,0.94266
100000,20000,0.75,0.8399999999999996,6000,0.94225
100000,20000,0.75,0.8399999999999996,7000,0.94251
100000,20000,0.75,0.8399999999999996,8000,0.94394
100000,20000,0.75,0.8399999999999996,9000,0.9433
100000,20000,0.75,0.8399999999999996,10000,0.94384
100000,20000,0.75,0.8399999999999996,11000,0.94438
100000,20000,0.75,0.8399999999999996,12000,0.94135
100000,20000,0.75,0.8399999999999996,13000,0.94145
100000,20000,0.75,0.8399999999999996,14000,0.94119
100000,20000,0.75,0.8399999999999996,15000,0.94306
100000,20000,0.75,0.8399999999999996,16000,0.94228
100000,20000,0.75,0.8399999999999996,17000,0.94223
100000,20000,0.75,0.8399999999999996,18000,0.94109
100000,20000,0.75,0.8399999999999996,19000,0.94148
100000,20000,0.75,0.8499999999999996,0,0.96636
100000,20000,0.75,0.8499999999999996,1000,0.94705
100000,20000,0.75,0.8499999999999996,2000,0.94716
100000,20000,0.75,0.8499999999999996,3000,0.94613
100000,20000,0.75,0.8499999999999996,4000,0.9453
100000,20000,0.75,0.8499999999999996,5000,0.94719
100000,20000,0.75,0.8499999999999996,6000,0.94613
100000,20000,0.75,0.8499999999999996,7000,0.94595
100000,20000,0.75,0.8499999999999996,8000,0.94679
100000,20000,0.75,0.8499999999999996,9000,0.94354
100000,20000,0.75,0.8499999999999996,10000,0.9456
100000,20000,0.75,0.8499999999999996,11000,0.94479
100000,20000,0.75,0.8499999999999996,12000,0.94502
100000,20000,0.75,0.8499999999999996,13000,0.94651
100000,20000,0.75,0.8499999999999996,14000,0.94415
100000,20000,0.75,0.8499999999999996,15000,0.94704
100000,20000,0.75,0.8499999999999996,16000,0.9455
100000,20000,0.75,0.8499999999999996,17000,0.94552
100000,20000,0.75,0.8499999999999996,18000,0.94462
100000,20000,0.75,0.8499999999999996,19000,0.94634
100000,20000,0.75,0.8599999999999995,0,0.96874
100000,20000,0.75,0.8599999999999995,1000,0.94942
100000,20000,0.75,0.8599999999999995,2000,0.94989
100000,20000,0.75,0.8599999999999995,3000,0.94937
100000,20000,0.75,0.8599999999999995,4000,0.94979
100000,20000,0.75,0.8599999999999995,5000,0.94629
100000,20000,0.75,0.8599999999999995,6000,0.94856
100000,20000,0.75,0.8599999999999995,7000,0.9493
100000,20000,0.75,0.8599999999999995,8000,0.94881
100000,20000,0.75,0.8599999999999995,9000,0.95061
100000,20000,0.75,0.8599999999999995,10000,0.94703
100000,20000,0.75,0.8599999999999995,11000,0.94958
100000,20000,0.75,0.8599999999999995,12000,0.94903
100000,20000,0.75,0.8599999999999995,13000,0.94772
100000,20000,0.75,0.8599999999999995,14000,0.94952
100000,20000,0.75,0.8599999999999995,15000,0.94928
100000,20000,0.75,0.8599999999999995,16000,0.94963
100000,20000,0.75,0.8599999999999995,17000,0.94884
100000,20000,0.75,0.8599999999999995,18000,0.94823
100000,20000,0.75,0.8599999999999995,19000,0.94827
100000,20000,0.75,0.8699999999999996,0,0.97018
100000,20000,0.75,0.8699999999999996,1000,0.95119
100000,20000,0.75,0.8699999999999996,2000,0.95349
100000,20000,0.75,0.8699999999999996,3000,0.95265
100000,20000,0.75,0.8699999999999996,4000,0.95063
100000,20000,0.75,0.8699999999999996,5000,0.95248
100000,20000,0.75,0.8699999999999996,6000,0.94999
100000,20000,0.75,0.8699999999999996,7000,0.95081
100000,20000,0.75,0.8699999999999996,8000,0.95193
100000,20000,0.75,0.8699999999999996,9000,0.95033
100000,20000,0.75,0.8699999999999996,10000,0.95192
100000,20000,0.75,0.8699999999999996,11000,0.95231
100000,20000,0.75,0.8699999999999996,12000,0.95142
100000,20000,0.75,0.8699999999999996,13000,0.95166
100000,20000,0.75,0.8699999999999996,14000,0.94997
100000,20000,0.75,0.8699999999999996,15000,0.95337
100000,20000,0.75,0.8699999999999996,16000,0.95202
100000,20000,0.75,0.8699999999999996,17000,0.95138
100000,20000,0.75,0.8699999999999996,18000,0.95189
100000,20000,0.75,0.8699999999999996,19000,0.95069
100000,20000,0.75,0.8799999999999996,0,0.97049
100000,20000,0.75,0.8799999999999996,1000,0.9536
100000,20000,0.75,0.8799999999999996,2000,0.95341
100000,20000,0.75,0.8799999999999996,3000,0.95511
100000,20000,0.75,0.8799999999999996,4000,0.95349
100000,20000,0.75,0.8799999999999996,5000,0.95455
100000,20000,0.75,0.8799999999999996,6000,0.95356
100000,20000,0.75,0.8799999999999996,7000,0.95326
100000,20000,0.75,0.8799999999999996,8000,0.95375
100000,20000,0.75,0.8799999999999996,9000,0.95482
100000,20000,0.75,0.8799999999999996,10000,0.95432
100000,20000,0.75,0.8799999999999996,11000,0.95441
100000,20000,0.75,0.8799999999999996,12000,0.95451
100000,20000,0.75,0.8799999999999996,13000,0.95552
100000,20000,0.75,0.8799999999999996,14000,0.95287
100000,20000,0.75,0.8799999999999996,15000,0.95436
100000,20000,0.75,0.8799999999999996,16000,0.95451
100000,20000,0.75,0.8799999999999996,17000,0.95398
100000,20000,0.75,0.8799999999999996,18000,0.95539
100000,20000,0.75,0.8799999999999996,19000,0.95508
100000,20000,0.75,0.8899999999999996,0,0.97321
100000,20000,0.75,0.8899999999999996,1000,0.9581
100000,20000,0.75,0.8899999999999996,2000,0.9555
100000,20000,0.75,0.8899999999999996,3000,0.95582
100000,20000,0.75,0.8899999999999996,4000,0.95714
100000,20000,0.75,0.8899999999999996,5000,0.95581
100000,20000,0.75,0.8899999999999996,6000,0.95659
100000,20000,0.75,0.8899999999999996,7000,0.95641
100000,20000,0.75,0.8899999999999996,8000,0.95553
100000,20000,0.75,0.8899999999999996,9000,0.95625
100000,20000,0.75,0.8899999999999996,10000,0.95536
100000,20000,0.75,0.8899999999999996,11000,0.95632
100000,20000,0.75,0.8899999999999996,12000,0.95661
100000,20000,0.75,0.8899999999999996,13000,0.9565
100000,20000,0.75,0.8899999999999996,14000,0.9571
100000,20000,0.75,0.8899999999999996,15000,0.95524
100000,20000,0.75,0.8899999999999996,16000,0.95762
100000,20000,0.75,0.8899999999999996,17000,0.95605
100000,20000,0.75,0.8899999999999996,18000,0.95627
100000,20000,0.75,0.8899999999999996,19000,0.95772
