100000,10000000,0.75,0.4542,0,0.89354
100000,10000000,0.75,0.4542,10000,0.21364
100000,10000000,0.75,0.4542,20000,0.20065
100000,10000000,0.75,0.4542,30000,0.17619
100000,10000000,0.75,0.4542,40000,0.16092
100000,10000000,0.75,0.4542,50000,0.1586
100000,10000000,0.75,0.4542,60000,0.15782
100000,10000000,0.75,0.4542,70000,0.15836
100000,10000000,0.75,0.4542,80000,0.15695
100000,10000000,0.75,0.4542,90000,0.14239
100000,10000000,0.75,0.4542,100000,0.14604
100000,10000000,0.75,0.4542,110000,0.14064
100000,10000000,0.75,0.4542,120000,0.13693
100000,10000000,0.75,0.4542,130000,0.12784
100000,10000000,0.75,0.4542,140000,0.12772
100000,10000000,0.75,0.4542,150000,0.13245
100000,10000000,0.75,0.4542,160000,0.12128
100000,10000000,0.75,0.4542,170000,0.11165
100000,10000000,0.75,0.4542,180000,0.10474
100000,10000000,0.75,0.4542,190000,0.11705
100000,10000000,0.75,0.4542,200000,0.10328
100000,10000000,0.75,0.4542,210000,0.08862
100000,10000000,0.75,0.4542,220000,0.09385
100000,10000000,0.75,0.4542,230000,0.09324
100000,10000000,0.75,0.4542,240000,0.09343
100000,10000000,0.75,0.4542,250000,0.08899
100000,10000000,0.75,0.4542,260000,0.09699
100000,10000000,0.75,0.4542,270000,0.09249
100000,10000000,0.75,0.4542,280000,0.08223
100000,10000000,0.75,0.4542,290000,0.09733
100000,10000000,0.75,0.4542,300000,0.09003
100000,10000000,0.75,0.4542,310000,0.08361
100000,10000000,0.75,0.4542,320000,0.08052
100000,10000000,0.75,0.4542,330000,0.08079
100000,10000000,0.75,0.4542,340000,0.07294
100000,10000000,0.75,0.4542,350000,0.06651
100000,10000000,0.75,0.4542,360000,0.06889
100000,10000000,0.75,0.4542,370000,0.0661
100000,10000000,0.75,0.4542,380000,0.05075
100000,10000000,0.75,0.4542,390000,0.04863
100000,10000000,0.75,0.4542,400000,0.05241
100000,10000000,0.75,0.4542,410000,0.04942
100000,10000000,0.75,0.4542,420000,0.05545
100000,10000000,0.75,0.4542,430000,0.0556
100000,10000000,0.75,0.4542,440000,0.05409
100000,10000000,0.75,0.4542,450000,0.05526
100000,10000000,0.75,0.4542,460000,0.06052
100000,10000000,0.75,0.4542,470000,0.05587
100000,10000000,0.75,0.4542,480000,0.04014
100000,10000000,0.75,0.4542,490000,0.04858
100000,10000000,0.75,0.4542,500000,0.03431
100000,10000000,0.75,0.4542,510000,0.0368
100000,10000000,0.75,0.4542,520000,0.04014
100000,10000000,0.75,0.4542,530000,0.04188
100000,10000000,0.75,0.4542,540000,0.03264
100000,10000000,0.75,0.4542,550000,0.03982
100000,10000000,0.75,0.4542,560000,0.0315
100000,10000000,0.75,0.4542,570000,0.03571
100000,10000000,0.75,0.4542,580000,0.03307
100000,10000000,0.75,0.4542,590000,0.03587
100000,10000000,0.75,0.4542,600000,0.04082
100000,10000000,0.75,0.4542,610000,0.03825
100000,10000000,0.75,0.4542,620000,0.04582
100000,10000000,0.75,0.4542,630000,0.04105
100000,10000000,0.75,0.4542,640000,0.03596
100000,10000000,0.75,0.4542,650000,0.0354
100000,10000000,0.75,0.4542,660000,0.03833
100000,10000000,0.75,0.4542,670000,0.03186
100000,10000000,0.75,0.4542,680000,0.04115
100000,10000000,0.75,0.4542,690000,0.04067
100000,10000000,0.75,0.4542,700000,0.03424
100000,10000000,0.75,0.4542,710000,0.03613
100000,10000000,0.75,0.4542,720000,0.04203
100000,10000000,0.75,0.4542,730000,0.03967
100000,10000000,0.75,0.4542,740000,0.02837
100000,10000000,0.75,0.4542,750000,0.02162
100000,10000000,0.75,0.4542,760000,0.02335
100000,10000000,0.75,0.4542,770000,0.02446
100000,10000000,0.75,0.4542,780000,0.02023
100000,10000000,0.75,0.4542,790000,0.02713
100000,10000000,0.75,0.4542,800000,0.02429
100000,10000000,0.75,0.4542,810000,0.01937
100000,10000000,0.75,0.4542,820000,0.02293
100000,10000000,0.75,0.4542,830000,0.02273
100000,10000000,0.75,0.4542,840000,0.03161
100000,10000000,0.75,0.4542,850000,0.03245
100000,10000000,0.75,0.4542,860000,0.02544
100000,10000000,0.75,0.4542,870000,0.0285
100000,10000000,0.75,0.4542,880000,0.02929
100000,10000000,0.75,0.4542,890000,0.03034
100000,10000000,0.75,0.4542,900000,0.02888
100000,10000000,0.75,0.4542,910000,0.02718
100000,10000000,0.75,0.4542,920000,0.031
100000,10000000,0.75,0.4542,930000,0.02619
100000,10000000,0.75,0.4542,940000,0.02709
100000,10000000,0.75,0.4542,950000,0.02474
100000,10000000,0.75,0.4542,960000,0.0243
100000,10000000,0.75,0.4542,970000,0.02781
100000,10000000,0.75,0.4542,980000,0.02971
100000,10000000,0.75,0.4542,990000,0.03204
100000,10000000,0.75,0.4542,1000000,0.03304
100000,10000000,0.75,0.4542,1010000,0.03224
100000,10000000,0.75,0.4542,1020000,0.03928
100000,10000000,0.75,0.4542,1030000,0.03412
100000,10000000,0.75,0.4542,1040000,0.03449
100000,10000000,0.75,0.4542,1050000,0.03625
100000,10000000,0.75,0.4542,1060000,0.03287
100000,10000000,0.75,0.4542,1070000,0.02831
100000,10000000,0.75,0.4542,1080000,0.03073
100000,10000000,0.75,0.4542,1090000,0.03116
100000,10000000,0.75,0.4542,1100000,0.02567
100000,10000000,0.75,0.4542,1110000,0.02595
100000,10000000,0.75,0.4542,1120000,0.01791
100000,10000000,0.75,0.4542,1130000,0.0211
100000,10000000,0.75,0.4542,1140000,0.01756
100000,10000000,0.75,0.4542,1150000,0.01975
100000,10000000,0.75,0.4542,1160000,0.02101
100000,10000000,0.75,0.4542,1170000,0.02004
100000,10000000,0.75,0.4542,1180000,0.02282
100000,10000000,0.75,0.4542,1190000,0.02215
100000,10000000,0.75,0.4542,1200000,0.02511
100000,10000000,0.75,0.4542,1210000,0.02485
100000,10000000,0.75,0.4542,1220000,0.02496
100000,10000000,0.75,0.4542,1230000,0.0257
100000,10000000,0.75,0.4542,1240000,0.02098
100000,10000000,0.75,0.4542,1250000,0.0182
100000,10000000,0.75,0.4542,1260000,0.02453
100000,10000000,0.75,0.4542,1270000,0.0226
100000,10000000,0.75,0.4542,1280000,0.02022
100000,10000000,0.75,0.4542,1290000,0.01474
100000,10000000,0.75,0.4542,1300000,0.01565
100000,10000000,0.75,0.4542,1310000,0.01655
100000,10000000,0.75,0.4542,1320000,0.02199
100000,10000000,0.75,0.4542,1330000,0.02447
100000,10000000,0.75,0.4542,1340000,0.02318
100000,10000000,0.75,0.4542,1350000,0.0213
100000,10000000,0.75,0.4542,1360000,0.02835
100000,10000000,0.75,0.4542,1370000,0.01979
100000,10000000,0.75,0.4542,1380000,0.01289
100000,10000000,0.75,0.4542,1390000,0.01412
100000,10000000,0.75,0.4542,1400000,0.01251
100000,10000000,0.75,0.4542,1410000,0.01267
100000,10000000,0.75,0.4542,1420000,0.01384
100000,10000000,0.75,0.4542,1430000,0.01387
100000,10000000,0.75,0.4542,1440000,0.01067
100000,10000000,0.75,0.4542,1450000,0.00902
100000,10000000,0.75,0.4542,1460000,0.01085
100000,10000000,0.75,0.4542,1470000,0.0096
100000,10000000,0.75,0.4542,1480000,0.00686
100000,10000000,0.75,0.4542,1490000,0.0092
100000,10000000,0.75,0.4542,1500000,0.00836
100000,10000000,0.75,0.4542,1510000,0.01092
100000,10000000,0.75,0.4542,1520000,0.00957
100000,10000000,0.75,0.4542,1530000,0.01117
100000,10000000,0.75,0.4542,1540000,0.01282
100000,10000000,0.75,0.4542,1550000,0.0091
100000,10000000,0.75,0.4542,1560000,0.00992
100000,10000000,0.75,0.4542,1570000,0.01357
100000,10000000,0.75,0.4542,1580000,0.01025
100000,10000000,0.75,0.4542,1590000,0.01063
100000,10000000,0.75,0.4542,1600000,0.014
100000,10000000,0.75,0.4542,1610000,0.00946
100000,10000000,0.75,0.4542,1620000,0.00968
100000,10000000,0.75,0.4542,1630000,0.00704
100000,10000000,0.75,0.4542,1640000,0.00786
100000,10000000,0.75,0.4542,1650000,0.00864
100000,10000000,0.75,0.4542,1660000,0.01228
100000,10000000,0.75,0.4542,1670000,0.00968
100000,10000000,0.75,0.4542,1680000,0.00898
100000,10000000,0.75,0.4542,1690000,0.00822
100000,10000000,0.75,0.4542,1700000,0.0063
100000,10000000,0.75,0.4542,1710000,0.00513
100000,10000000,0.75,0.4542,1720000,0.00573
100000,10000000,0.75,0.4542,1730000,0.0042
100000,10000000,0.75,0.4542,1740000,0.00647
100000,10000000,0.75,0.4542,1750000,0.00561
100000,10000000,0.75,0.4542,1760000,0.00735
100000,10000000,0.75,0.4542,1770000,0.00888
100000,10000000,0.75,0.4542,1780000,0.00613
100000,10000000,0.75,0.4542,1790000,0.00483
100000,10000000,0.75,0.4542,1800000,0.00437
100000,10000000,0.75,0.4542,1810000,0.00253
100000,10000000,0.75,0.4542,1820000,0.00289
100000,10000000,0.75,0.4542,1830000,0.00274
100000,10000000,0.75,0.4542,1840000,0.00185
100000,10000000,0.75,0.4542,1850000,0.00283
100000,10000000,0.75,0.4542,1860000,0.00372
100000,10000000,0.75,0.4542,1870000,0.00199
100000,10000000,0.75,0.4542,1880000,0.00274
100000,10000000,0.75,0.4542,1890000,0.00334
100000,10000000,0.75,0.4542,1900000,0.00278
100000,10000000,0.75,0.4542,1910000,0.00339
100000,10000000,0.75,0.4542,1920000,0.00099
100000,10000000,0.75,0.4542,1930000,0.00448
100000,10000000,0.75,0.4542,1940000,0.00508
100000,10000000,0.75,0.4542,1950000,0.00227
100000,10000000,0.75,0.4542,1960000,0.00327
100000,10000000,0.75,0.4542,1970000,0.00397
100000,10000000,0.75,0.4542,1980000,0.0032
100000,10000000,0.75,0.4542,1990000,0.00608
100000,10000000,0.75,0.4542,2000000,0.0077
100000,10000000,0.75,0.4542,2010000,0.0042
100000,10000000,0.75,0.4542,2020000,0.00318
100000,10000000,0.75,0.4542,2030000,0.00444
100000,10000000,0.75,0.4542,2040000,0.00509
100000,10000000,0.75,0.4542,2050000,0.00341
100000,10000000,0.75,0.4542,2060000,0.00402
100000,10000000,0.75,0.4542,2070000,0.00459
100000,10000000,0.75,0.4542,2080000,0.00632
100000,10000000,0.75,0.4542,2090000,0.00362
100000,10000000,0.75,0.4542,2100000,0.00671
100000,10000000,0.75,0.4542,2110000,0.00721
100000,10000000,0.75,0.4542,2120000,0.00505
100000,10000000,0.75,0.4542,2130000,0.0058
100000,10000000,0.75,0.4542,2140000,0.00558
100000,10000000,0.75,0.4542,2150000,0.0044
100000,10000000,0.75,0.4542,2160000,0.00801
100000,10000000,0.75,0.4542,2170000,0.00378
100000,10000000,0.75,0.4542,2180000,0.00458
100000,10000000,0.75,0.4542,2190000,0.00595
100000,10000000,0.75,0.4542,2200000,0.00387
100000,10000000,0.75,0.4542,2210000,0.00633
100000,10000000,0.75,0.4542,2220000,0.00579
100000,10000000,0.75,0.4542,2230000,0.00447
100000,10000000,0.75,0.4542,2240000,0.00267
100000,10000000,0.75,0.4542,2250000,0.00262
100000,10000000,0.75,0.4542,2260000,0.00369
100000,10000000,0.75,0.4542,2270000,0.00524
100000,10000000,0.75,0.4542,2280000,0.00796
100000,10000000,0.75,0.4542,2290000,0.00536
100000,10000000,0.75,0.4542,2300000,0.00529
100000,10000000,0.75,0.4542,2310000,0.00577
100000,10000000,0.75,0.4542,2320000,0.00475
100000,10000000,0.75,0.4542,2330000,0.00839
100000,10000000,0.75,0.4542,2340000,0.01014
100000,10000000,0.75,0.4542,2350000,0.00705
100000,10000000,0.75,0.4542,2360000,0.00663
100000,10000000,0.75,0.4542,2370000,0.00732
100000,10000000,0.75,0.4542,2380000,0.00712
100000,10000000,0.75,0.4542,2390000,0.00704
100000,10000000,0.75,0.4542,2400000,0.00569
100000,10000000,0.75,0.4542,2410000,0.00611
100000,10000000,0.75,0.4542,2420000,0.00608
100000,10000000,0.75,0.4542,2430000,0.01055
100000,10000000,0.75,0.4542,2440000,0.00821
100000,10000000,0.75,0.4542,2450000,0.0055
100000,10000000,0.75,0.4542,2460000,0.00697
100000,10000000,0.75,0.4542,2470000,0.00553
100000,10000000,0.75,0.4542,2480000,0.00424
100000,10000000,0.75,0.4542,2490000,0.00406
100000,10000000,0.75,0.4542,2500000,0.00616
100000,10000000,0.75,0.4542,2510000,0.00565
100000,10000000,0.75,0.4542,2520000,0.00548
100000,10000000,0.75,0.4542,2530000,0.00518
100000,10000000,0.75,0.4542,2540000,0.00612
100000,10000000,0.75,0.4542,2550000,0.00887
100000,10000000,0.75,0.4542,2560000,0.0078
100000,10000000,0.75,0.4542,2570000,0.00804
100000,10000000,0.75,0.4542,2580000,0.00608
100000,10000000,0.75,0.4542,2590000,0.0052
100000,10000000,0.75,0.4542,2600000,0.00063
100000,10000000,0.75,0.4542,2610000,0.00198
100000,10000000,0.75,0.4542,2620000,0.00218
100000,10000000,0.75,0.4542,2630000,0.0001
100000,10000000,0.75,0.4542,2640000,0.00051
100000,10000000,0.75,0.4542,2650000,0.00092
100000,10000000,0.75,0.4542,2660000,0.0
100000,10000000,0.75,0.4542,2670000,0.0
100000,10000000,0.75,0.4542,2680000,0.0
100000,10000000,0.75,0.4542,2690000,0.0
100000,10000000,0.75,0.4542,2700000,0.0
100000,10000000,0.75,0.4542,2710000,0.0
100000,10000000,0.75,0.4542,2720000,0.0
100000,10000000,0.75,0.4542,2730000,0.0
100000,10000000,0.75,0.4542,2740000,0.0
100000,10000000,0.75,0.4542,2750000,0.0
100000,10000000,0.75,0.4542,2760000,0.0
100000,10000000,0.75,0.4542,2770000,0.0
100000,10000000,0.75,0.4542,2780000,0.0
100000,10000000,0.75,0.4542,2790000,0.0
100000,10000000,0.75,0.4542,2800000,0.0
100000,10000000,0.75,0.4542,2810000,0.0
100000,10000000,0.75,0.4542,2820000,0.0
100000,10000000,0.75,0.4542,2830000,0.0
100000,10000000,0.75,0.4542,2840000,0.0
100000,10000000,0.75,0.4542,2850000,0.0
100000,10000000,0.75,0.4542,2860000,0.0
100000,10000000,0.75,0.4542,2870000,0.0
100000,10000000,0.75,0.4542,2880000,0.0
100000,10000000,0.75,0.4542,2890000,0.0
100000,10000000,0.75,0.4542,2900000,0.0
100000,10000000,0.75,0.4542,2910000,0.0
100000,10000000,0.75,0.4542,2920000,0.0
100000,10000000,0.75,0.4542,2930000,0.0
100000,10000000,0.75,0.4542,2940000,0.0
100000,10000000,0.75,0.4542,2950000,0.0
100000,10000000,0.75,0.4542,2960000,0.0
100000,10000000,0.75,0.4542,2970000,0.0
100000,10000000,0.75,0.4542,2980000,0.0
100000,10000000,0.75,0.4542,2990000,0.0
100000,10000000,0.75,0.4542,3000000,0.0
100000,10000000,0.75,0.4542,3010000,0.0
100000,10000000,0.75,0.4542,3020000,0.0
100000,10000000,0.75,0.4542,3030000,0.0
100000,10000000,0.75,0.4542,3040000,0.0
100000,10000000,0.75,0.4542,3050000,0.0
100000,10000000,0.75,0.4542,3060000,0.0
100000,10000000,0.75,0.4542,3070000,0.0
100000,10000000,0.75,0.4542,3080000,0.0
100000,10000000,0.75,0.4542,3090000,0.0
100000,10000000,0.75,0.4542,3100000,0.0
100000,10000000,0.75,0.4542,3110000,0.0
100000,10000000,0.75,0.4542,3120000,0.0
100000,10000000,0.75,0.4542,3130000,0.0
100000,10000000,0.75,0.4542,3140000,0.0
100000,10000000,0.75,0.4542,3150000,0.0
100000,10000000,0.75,0.4542,3160000,0.0
100000,10000000,0.75,0.4542,3170000,0.0
100000,10000000,0.75,0.4542,3180000,0.0
100000,10000000,0.75,0.4542,3190000,0.0
100000,10000000,0.75,0.4542,3200000,0.0
100000,10000000,0.75,0.4542,3210000,0.0
100000,10000000,0.75,0.4542,3220000,0.0
100000,10000000,0.75,0.4542,3230000,0.0
100000,10000000,0.75,0.4542,3240000,0.0
100000,10000000,0.75,0.4542,3250000,0.0
100000,10000000,0.75,0.4542,3260000,0.0
100000,10000000,0.75,0.4542,3270000,0.0
100000,10000000,0.75,0.4542,3280000,0.0
100000,10000000,0.75,0.4542,3290000,0.0
100000,10000000,0.75,0.4542,3300000,0.0
100000,10000000,0.75,0.4542,3310000,0.0
100000,10000000,0.75,0.4542,3320000,0.0
100000,10000000,0.75,0.4542,3330000,0.0
100000,10000000,0.75,0.4542,3340000,0.0
100000,10000000,0.75,0.4542,3350000,0.0
100000,10000000,0.75,0.4542,3360000,0.0
100000,10000000,0.75,0.4542,3370000,0.0
100000,10000000,0.75,0.4542,3380000,0.0
100000,10000000,0.75,0.4542,3390000,0.0
100000,10000000,0.75,0.4542,3400000,0.0
100000,10000000,0.75,0.4542,3410000,0.0
100000,10000000,0.75,0.4542,3420000,0.0
100000,10000000,0.75,0.4542,3430000,0.0
100000,10000000,0.75,0.4542,3440000,0.0
100000,10000000,0.75,0.4542,3450000,0.0
100000,10000000,0.75,0.4542,3460000,0.0
100000,10000000,0.75,0.4542,3470000,0.0
100000,10000000,0.75,0.4542,3480000,0.0
100000,10000000,0.75,0.4542,3490000,0.0
100000,10000000,0.75,0.4542,3500000,0.0
100000,10000000,0.75,0.4542,3510000,0.0
100000,10000000,0.75,0.4542,3520000,0.0
100000,10000000,0.75,0.4542,3530000,0.0
100000,10000000,0.75,0.4542,3540000,0.0
100000,10000000,0.75,0.4542,3550000,0.0
100000,10000000,0.75,0.4542,3560000,0.0
100000,10000000,0.75,0.4542,3570000,0.0
100000,10000000,0.75,0.4542,3580000,0.0
100000,10000000,0.75,0.4542,3590000,0.0
100000,10000000,0.75,0.4542,3600000,0.0
100000,10000000,0.75,0.4542,3610000,0.0
100000,10000000,0.75,0.4542,3620000,0.0
100000,10000000,0.75,0.4542,3630000,0.0
100000,10000000,0.75,0.4542,3640000,0.0
100000,10000000,0.75,0.4542,3650000,0.0
100000,10000000,0.75,0.4542,3660000,0.0
100000,10000000,0.75,0.4542,3670000,0.0
100000,10000000,0.75,0.4542,3680000,0.0
100000,10000000,0.75,0.4542,3690000,0.0
100000,10000000,0.75,0.4542,3700000,0.0
100000,10000000,0.75,0.4542,3710000,0.0
100000,10000000,0.75,0.4542,3720000,0.0
100000,10000000,0.75,0.4542,3730000,0.0
100000,10000000,0.75,0.4542,3740000,0.0
100000,10000000,0.75,0.4542,3750000,0.0
100000,10000000,0.75,0.4542,3760000,0.0
100000,10000000,0.75,0.4542,3770000,0.0
100000,10000000,0.75,0.4542,3780000,0.0
100000,10000000,0.75,0.4542,3790000,0.0
100000,10000000,0.75,0.4542,3800000,0.0
100000,10000000,0.75,0.4542,3810000,0.0
100000,10000000,0.75,0.4542,3820000,0.0
100000,10000000,0.75,0.4542,3830000,0.0
100000,10000000,0.75,0.4542,3840000,0.0
100000,10000000,0.75,0.4542,3850000,0.0
100000,10000000,0.75,0.4542,3860000,0.0
100000,10000000,0.75,0.4542,3870000,0.0
100000,10000000,0.75,0.4542,3880000,0.0
100000,10000000,0.75,0.4542,3890000,0.0
100000,10000000,0.75,0.4542,3900000,0.0
100000,10000000,0.75,0.4542,3910000,0.0
100000,10000000,0.75,0.4542,3920000,0.0
100000,10000000,0.75,0.4542,3930000,0.0
100000,10000000,0.75,0.4542,3940000,0.0
100000,10000000,0.75,0.4542,3950000,0.0
100000,10000000,0.75,0.4542,3960000,0.0
100000,10000000,0.75,0.4542,3970000,0.0
100000,10000000,0.75,0.4542,3980000,0.0
100000,10000000,0.75,0.4542,3990000,0.0
100000,10000000,0.75,0.4542,4000000,0.0
100000,10000000,0.75,0.4542,4010000,0.0
100000,10000000,0.75,0.4542,4020000,0.0
100000,10000000,0.75,0.4542,4030000,0.0
100000,10000000,0.75,0.4542,4040000,0.0
100000,10000000,0.75,0.4542,4050000,0.0
100000,10000000,0.75,0.4542,4060000,0.0
100000,10000000,0.75,0.4542,4070000,0.0
100000,10000000,0.75,0.4542,4080000,0.0
100000,10000000,0.75,0.4542,4090000,0.0
100000,10000000,0.75,0.4542,4100000,0.0
100000,10000000,0.75,0.4542,4110000,0.0
100000,10000000,0.75,0.4542,4120000,0.0
100000,10000000,0.75,0.4542,4130000,0.0
100000,10000000,0.75,0.4542,4140000,0.0
100000,10000000,0.75,0.4542,4150000,0.0
100000,10000000,0.75,0.4542,4160000,0.0
100000,10000000,0.75,0.4542,4170000,0.0
100000,10000000,0.75,0.4542,4180000,0.0
100000,10000000,0.75,0.4542,4190000,0.0
100000,10000000,0.75,0.4542,4200000,0.0
100000,10000000,0.75,0.4542,4210000,0.0
100000,10000000,0.75,0.4542,4220000,0.0
100000,10000000,0.75,0.4542,4230000,0.0
100000,10000000,0.75,0.4542,4240000,0.0
100000,10000000,0.75,0.4542,4250000,0.0
100000,10000000,0.75,0.4542,4260000,0.0
100000,10000000,0.75,0.4542,4270000,0.0
100000,10000000,0.75,0.4542,4280000,0.0
100000,10000000,0.75,0.4542,4290000,0.0
100000,10000000,0.75,0.4542,4300000,0.0
100000,10000000,0.75,0.4542,4310000,0.0
100000,10000000,0.75,0.4542,4320000,0.0
100000,10000000,0.75,0.4542,4330000,0.0
100000,10000000,0.75,0.4542,4340000,0.0
100000,10000000,0.75,0.4542,4350000,0.0
100000,10000000,0.75,0.4542,4360000,0.0
100000,10000000,0.75,0.4542,4370000,0.0
100000,10000000,0.75,0.4542,4380000,0.0
100000,10000000,0.75,0.4542,4390000,0.0
100000,10000000,0.75,0.4542,4400000,0.0
100000,10000000,0.75,0.4542,4410000,0.0
100000,10000000,0.75,0.4542,4420000,0.0
100000,10000000,0.75,0.4542,4430000,0.0
100000,10000000,0.75,0.4542,4440000,0.0
100000,10000000,0.75,0.4542,4450000,0.0
100000,10000000,0.75,0.4542,4460000,0.0
100000,10000000,0.75,0.4542,4470000,0.0
100000,10000000,0.75,0.4542,4480000,0.0
100000,10000000,0.75,0.4542,4490000,0.0
100000,10000000,0.75,0.4542,4500000,0.0
100000,10000000,0.75,0.4542,4510000,0.0
100000,10000000,0.75,0.4542,4520000,0.0
100000,10000000,0.75,0.4542,4530000,0.0
100000,10000000,0.75,0.4542,4540000,0.0
100000,10000000,0.75,0.4542,4550000,0.0
100000,10000000,0.75,0.4542,4560000,0.0
100000,10000000,0.75,0.4542,4570000,0.0
100000,10000000,0.75,0.4542,4580000,0.0
100000,10000000,0.75,0.4542,4590000,0.0
100000,10000000,0.75,0.4542,4600000,0.0
100000,10000000,0.75,0.4542,4610000,0.0
100000,10000000,0.75,0.4542,4620000,0.0
100000,10000000,0.75,0.4542,4630000,0.0
100000,10000000,0.75,0.4542,4640000,0.0
100000,10000000,0.75,0.4542,4650000,0.0
100000,10000000,0.75,0.4542,4660000,0.0
100000,10000000,0.75,0.4542,4670000,0.0
100000,10000000,0.75,0.4542,4680000,0.0
100000,10000000,0.75,0.4542,4690000,0.0
100000,10000000,0.75,0.4542,4700000,0.0
100000,10000000,0.75,0.4542,4710000,0.0
100000,10000000,0.75,0.4542,4720000,0.0
100000,10000000,0.75,0.4542,4730000,0.0
100000,10000000,0.75,0.4542,4740000,0.0
100000,10000000,0.75,0.4542,4750000,0.0
100000,10000000,0.75,0.4542,4760000,0.0
100000,10000000,0.75,0.4542,4770000,0.0
100000,10000000,0.75,0.4542,4780000,0.0
100000,10000000,0.75,0.4542,4790000,0.0
100000,10000000,0.75,0.4542,4800000,0.0
100000,10000000,0.75,0.4542,4810000,0.0
100000,10000000,0.75,0.4542,4820000,0.0
100000,10000000,0.75,0.4542,4830000,0.0
100000,10000000,0.75,0.4542,4840000,0.0
100000,10000000,0.75,0.4542,4850000,0.0
100000,10000000,0.75,0.4542,4860000,0.0
100000,10000000,0.75,0.4542,4870000,0.0
100000,10000000,0.75,0.4542,4880000,0.0
100000,10000000,0.75,0.4542,4890000,0.0
100000,10000000,0.75,0.4542,4900000,0.0
100000,10000000,0.75,0.4542,4910000,0.0
100000,10000000,0.75,0.4542,4920000,0.0
100000,10000000,0.75,0.4542,4930000,0.0
100000,10000000,0.75,0.4542,4940000,0.0
100000,10000000,0.75,0.4542,4950000,0.0
100000,10000000,0.75,0.4542,4960000,0.0
100000,10000000,0.75,0.4542,4970000,0.0
100000,10000000,0.75,0.4542,4980000,0.0
100000,10000000,0.75,0.4542,4990000,0.0
100000,10000000,0.75,0.4542,5000000,0.0
100000,10000000,0.75,0.4542,5010000,0.0
100000,10000000,0.75,0.4542,5020000,0.0
100000,10000000,0.75,0.4542,5030000,0.0
100000,10000000,0.75,0.4542,5040000,0.0
100000,10000000,0.75,0.4542,5050000,0.0
100000,10000000,0.75,0.4542,5060000,0.0
100000,10000000,0.75,0.4542,5070000,0.0
100000,10000000,0.75,0.4542,5080000,0.0
100000,10000000,0.75,0.4542,5090000,0.0
100000,10000000,0.75,0.4542,5100000,0.0
100000,10000000,0.75,0.4542,5110000,0.0
100000,10000000,0.75,0.4542,5120000,0.0
100000,10000000,0.75,0.4542,5130000,0.0
100000,10000000,0.75,0.4542,5140000,0.0
100000,10000000,0.75,0.4542,5150000,0.0
100000,10000000,0.75,0.4542,5160000,0.0
100000,10000000,0.75,0.4542,5170000,0.0
100000,10000000,0.75,0.4542,5180000,0.0
100000,10000000,0.75,0.4542,5190000,0.0
100000,10000000,0.75,0.4542,5200000,0.0
100000,10000000,0.75,0.4542,5210000,0.0
100000,10000000,0.75,0.4542,5220000,0.0
100000,10000000,0.75,0.4542,5230000,0.0
100000,10000000,0.75,0.4542,5240000,0.0
100000,10000000,0.75,0.4542,5250000,0.0
100000,10000000,0.75,0.4542,5260000,0.0
100000,10000000,0.75,0.4542,5270000,0.0
100000,10000000,0.75,0.4542,5280000,0.0
100000,10000000,0.75,0.4542,5290000,0.0
100000,10000000,0.75,0.4542,5300000,0.0
100000,10000000,0.75,0.4542,5310000,0.0
100000,10000000,0.75,0.4542,5320000,0.0
100000,10000000,0.75,0.4542,5330000,0.0
100000,10000000,0.75,0.4542,5340000,0.0
100000,10000000,0.75,0.4542,5350000,0.0
100000,10000000,0.75,0.4542,5360000,0.0
100000,10000000,0.75,0.4542,5370000,0.0
100000,10000000,0.75,0.4542,5380000,0.0
100000,10000000,0.75,0.4542,5390000,0.0
100000,10000000,0.75,0.4542,5400000,0.0
100000,10000000,0.75,0.4542,5410000,0.0
100000,10000000,0.75,0.4542,5420000,0.0
100000,10000000,0.75,0.4542,5430000,0.0
100000,10000000,0.75,0.4542,5440000,0.0
100000,10000000,0.75,0.4542,5450000,0.0
100000,10000000,0.75,0.4542,5460000,0.0
100000,10000000,0.75,0.4542,5470000,0.0
100000,10000000,0.75,0.4542,5480000,0.0
100000,10000000,0.75,0.4542,5490000,0.0
100000,10000000,0.75,0.4542,5500000,0.0
100000,10000000,0.75,0.4542,5510000,0.0
100000,10000000,0.75,0.4542,5520000,0.0
100000,10000000,0.75,0.4542,5530000,0.0
100000,10000000,0.75,0.4542,5540000,0.0
100000,10000000,0.75,0.4542,5550000,0.0
100000,10000000,0.75,0.4542,5560000,0.0
100000,10000000,0.75,0.4542,5570000,0.0
100000,10000000,0.75,0.4542,5580000,0.0
100000,10000000,0.75,0.4542,5590000,0.0
100000,10000000,0.75,0.4542,5600000,0.0
100000,10000000,0.75,0.4542,5610000,0.0
100000,10000000,0.75,0.4542,5620000,0.0
100000,10000000,0.75,0.4542,5630000,0.0
100000,10000000,0.75,0.4542,5640000,0.0
100000,10000000,0.75,0.4542,5650000,0.0
100000,10000000,0.75,0.4542,5660000,0.0
100000,10000000,0.75,0.4542,5670000,0.0
100000,10000000,0.75,0.4542,5680000,0.0
100000,10000000,0.75,0.4542,5690000,0.0
100000,10000000,0.75,0.4542,5700000,0.0
100000,10000000,0.75,0.4542,5710000,0.0
100000,10000000,0.75,0.4542,5720000,0.0
100000,10000000,0.75,0.4542,5730000,0.0
100000,10000000,0.75,0.4542,5740000,0.0
100000,10000000,0.75,0.4542,5750000,0.0
100000,10000000,0.75,0.4542,5760000,0.0
100000,10000000,0.75,0.4542,5770000,0.0
100000,10000000,0.75,0.4542,5780000,0.0
100000,10000000,0.75,0.4542,5790000,0.0
100000,10000000,0.75,0.4542,5800000,0.0
100000,10000000,0.75,0.4542,5810000,0.0
100000,10000000,0.75,0.4542,5820000,0.0
100000,10000000,0.75,0.4542,5830000,0.0
100000,10000000,0.75,0.4542,5840000,0.0
100000,10000000,0.75,0.4542,5850000,0.0
100000,10000000,0.75,0.4542,5860000,0.0
100000,10000000,0.75,0.4542,5870000,0.0
100000,10000000,0.75,0.4542,5880000,0.0
100000,10000000,0.75,0.4542,5890000,0.0
100000,10000000,0.75,0.4542,5900000,0.0
100000,10000000,0.75,0.4542,5910000,0.0
100000,10000000,0.75,0.4542,5920000,0.0
100000,10000000,0.75,0.4542,5930000,0.0
100000,10000000,0.75,0.4542,5940000,0.0
100000,10000000,0.75,0.4542,5950000,0.0
100000,10000000,0.75,0.4542,5960000,0.0
100000,10000000,0.75,0.4542,5970000,0.0
100000,10000000,0.75,0.4542,5980000,0.0
100000,10000000,0.75,0.4542,5990000,0.0
100000,10000000,0.75,0.4542,6000000,0.0
100000,10000000,0.75,0.4542,6010000,0.0
100000,10000000,0.75,0.4542,6020000,0.0
100000,10000000,0.75,0.4542,6030000,0.0
100000,10000000,0.75,0.4542,6040000,0.0
100000,10000000,0.75,0.4542,6050000,0.0
100000,10000000,0.75,0.4542,6060000,0.0
100000,10000000,0.75,0.4542,6070000,0.0
100000,10000000,0.75,0.4542,6080000,0.0
100000,10000000,0.75,0.4542,6090000,0.0
100000,10000000,0.75,0.4542,6100000,0.0
100000,10000000,0.75,0.4542,6110000,0.0
100000,10000000,0.75,0.4542,6120000,0.0
100000,10000000,0.75,0.4542,6130000,0.0
100000,10000000,0.75,0.4542,6140000,0.0
100000,10000000,0.75,0.4542,6150000,0.0
100000,10000000,0.75,0.4542,6160000,0.0
100000,10000000,0.75,0.4542,6170000,0.0
100000,10000000,0.75,0.4542,6180000,0.0
100000,10000000,0.75,0.4542,6190000,0.0
100000,10000000,0.75,0.4542,6200000,0.0
100000,10000000,0.75,0.4542,6210000,0.0
100000,10000000,0.75,0.4542,6220000,0.0
100000,10000000,0.75,0.4542,6230000,0.0
100000,10000000,0.75,0.4542,6240000,0.0
100000,10000000,0.75,0.4542,6250000,0.0
100000,10000000,0.75,0.4542,6260000,0.0
100000,10000000,0.75,0.4542,6270000,0.0
100000,10000000,0.75,0.4542,6280000,0.0
100000,10000000,0.75,0.4542,6290000,0.0
100000,10000000,0.75,0.4542,6300000,0.0
100000,10000000,0.75,0.4542,6310000,0.0
100000,10000000,0.75,0.4542,6320000,0.0
100000,10000000,0.75,0.4542,6330000,0.0
100000,10000000,0.75,0.4542,6340000,0.0
100000,10000000,0.75,0.4542,6350000,0.0
100000,10000000,0.75,0.4542,6360000,0.0
100000,10000000,0.75,0.4542,6370000,0.0
100000,10000000,0.75,0.4542,6380000,0.0
100000,10000000,0.75,0.4542,6390000,0.0
100000,10000000,0.75,0.4542,6400000,0.0
100000,10000000,0.75,0.4542,6410000,0.0
100000,10000000,0.75,0.4542,6420000,0.0
100000,10000000,0.75,0.4542,6430000,0.0
100000,10000000,0.75,0.4542,6440000,0.0
100000,10000000,0.75,0.4542,6450000,0.0
100000,10000000,0.75,0.4542,6460000,0.0
100000,10000000,0.75,0.4542,6470000,0.0
100000,10000000,0.75,0.4542,6480000,0.0
100000,10000000,0.75,0.4542,6490000,0.0
100000,10000000,0.75,0.4542,6500000,0.0
100000,10000000,0.75,0.4542,6510000,0.0
100000,10000000,0.75,0.4542,6520000,0.0
100000,10000000,0.75,0.4542,6530000,0.0
100000,10000000,0.75,0.4542,6540000,0.0
100000,10000000,0.75,0.4542,6550000,0.0
100000,10000000,0.75,0.4542,6560000,0.0
100000,10000000,0.75,0.4542,6570000,0.0
100000,10000000,0.75,0.4542,6580000,0.0
100000,10000000,0.75,0.4542,6590000,0.0
100000,10000000,0.75,0.4542,6600000,0.0
100000,10000000,0.75,0.4542,6610000,0.0
100000,10000000,0.75,0.4542,6620000,0.0
100000,10000000,0.75,0.4542,6630000,0.0
100000,10000000,0.75,0.4542,6640000,0.0
100000,10000000,0.75,0.4542,6650000,0.0
100000,10000000,0.75,0.4542,6660000,0.0
100000,10000000,0.75,0.4542,6670000,0.0
100000,10000000,0.75,0.4542,6680000,0.0
100000,10000000,0.75,0.4542,6690000,0.0
100000,10000000,0.75,0.4542,6700000,0.0
100000,10000000,0.75,0.4542,6710000,0.0
100000,10000000,0.75,0.4542,6720000,0.0
100000,10000000,0.75,0.4542,6730000,0.0
100000,10000000,0.75,0.4542,6740000,0.0
100000,10000000,0.75,0.4542,6750000,0.0
100000,10000000,0.75,0.4542,6760000,0.0
100000,10000000,0.75,0.4542,6770000,0.0
100000,10000000,0.75,0.4542,6780000,0.0
100000,10000000,0.75,0.4542,6790000,0.0
100000,10000000,0.75,0.4542,6800000,0.0
100000,10000000,0.75,0.4542,6810000,0.0
100000,10000000,0.75,0.4542,6820000,0.0
100000,10000000,0.75,0.4542,6830000,0.0
100000,10000000,0.75,0.4542,6840000,0.0
100000,10000000,0.75,0.4542,6850000,0.0
100000,10000000,0.75,0.4542,6860000,0.0
100000,10000000,0.75,0.4542,6870000,0.0
100000,10000000,0.75,0.4542,6880000,0.0
100000,10000000,0.75,0.4542,6890000,0.0
100000,10000000,0.75,0.4542,6900000,0.0
100000,10000000,0.75,0.4542,6910000,0.0
100000,10000000,0.75,0.4542,6920000,0.0
100000,10000000,0.75,0.4542,6930000,0.0
100000,10000000,0.75,0.4542,6940000,0.0
100000,10000000,0.75,0.4542,6950000,0.0
100000,10000000,0.75,0.4542,6960000,0.0
100000,10000000,0.75,0.4542,6970000,0.0
100000,10000000,0.75,0.4542,6980000,0.0
100000,10000000,0.75,0.4542,6990000,0.0
100000,10000000,0.75,0.4542,7000000,0.0
100000,10000000,0.75,0.4542,7010000,0.0
100000,10000000,0.75,0.4542,7020000,0.0
100000,10000000,0.75,0.4542,7030000,0.0
100000,10000000,0.75,0.4542,7040000,0.0
100000,10000000,0.75,0.4542,7050000,0.0
100000,10000000,0.75,0.4542,7060000,0.0
100000,10000000,0.75,0.4542,7070000,0.0
100000,10000000,0.75,0.4542,7080000,0.0
100000,10000000,0.75,0.4542,7090000,0.0
100000,10000000,0.75,0.4542,7100000,0.0
100000,10000000,0.75,0.4542,7110000,0.0
100000,10000000,0.75,0.4542,7120000,0.0
100000,10000000,0.75,0.4542,7130000,0.0
100000,10000000,0.75,0.4542,7140000,0.0
100000,10000000,0.75,0.4542,7150000,0.0
100000,10000000,0.75,0.4542,7160000,0.0
100000,10000000,0.75,0.4542,7170000,0.0
100000,10000000,0.75,0.4542,7180000,0.0
100000,10000000,0.75,0.4542,7190000,0.0
100000,10000000,0.75,0.4542,7200000,0.0
100000,10000000,0.75,0.4542,7210000,0.0
100000,10000000,0.75,0.4542,7220000,0.0
100000,10000000,0.75,0.4542,7230000,0.0
100000,10000000,0.75,0.4542,7240000,0.0
100000,10000000,0.75,0.4542,7250000,0.0
100000,10000000,0.75,0.4542,7260000,0.0
100000,10000000,0.75,0.4542,7270000,0.0
100000,10000000,0.75,0.4542,7280000,0.0
100000,10000000,0.75,0.4542,7290000,0.0
100000,10000000,0.75,0.4542,7300000,0.0
100000,10000000,0.75,0.4542,7310000,0.0
100000,10000000,0.75,0.4542,7320000,0.0
100000,10000000,0.75,0.4542,7330000,0.0
100000,10000000,0.75,0.4542,7340000,0.0
100000,10000000,0.75,0.4542,7350000,0.0
100000,10000000,0.75,0.4542,7360000,0.0
100000,10000000,0.75,0.4542,7370000,0.0
100000,10000000,0.75,0.4542,7380000,0.0
100000,10000000,0.75,0.4542,7390000,0.0
100000,10000000,0.75,0.4542,7400000,0.0
100000,10000000,0.75,0.4542,7410000,0.0
100000,10000000,0.75,0.4542,7420000,0.0
100000,10000000,0.75,0.4542,7430000,0.0
100000,10000000,0.75,0.4542,7440000,0.0
100000,10000000,0.75,0.4542,7450000,0.0
100000,10000000,0.75,0.4542,7460000,0.0
100000,10000000,0.75,0.4542,7470000,0.0
100000,10000000,0.75,0.4542,7480000,0.0
100000,10000000,0.75,0.4542,7490000,0.0
100000,10000000,0.75,0.4542,7500000,0.0
100000,10000000,0.75,0.4542,7510000,0.0
100000,10000000,0.75,0.4542,7520000,0.0
100000,10000000,0.75,0.4542,7530000,0.0
100000,10000000,0.75,0.4542,7540000,0.0
100000,10000000,0.75,0.4542,7550000,0.0
100000,10000000,0.75,0.4542,7560000,0.0
100000,10000000,0.75,0.4542,7570000,0.0
100000,10000000,0.75,0.4542,7580000,0.0
100000,10000000,0.75,0.4542,7590000,0.0
100000,10000000,0.75,0.4542,7600000,0.0
100000,10000000,0.75,0.4542,7610000,0.0
100000,10000000,0.75,0.4542,7620000,0.0
100000,10000000,0.75,0.4542,7630000,0.0
100000,10000000,0.75,0.4542,7640000,0.0
100000,10000000,0.75,0.4542,7650000,0.0
100000,10000000,0.75,0.4542,7660000,0.0
100000,10000000,0.75,0.4542,7670000,0.0
100000,10000000,0.75,0.4542,7680000,0.0
100000,10000000,0.75,0.4542,7690000,0.0
100000,10000000,0.75,0.4542,7700000,0.0
100000,10000000,0.75,0.4542,7710000,0.0
100000,10000000,0.75,0.4542,7720000,0.0
100000,10000000,0.75,0.4542,7730000,0.0
100000,10000000,0.75,0.4542,7740000,0.0
100000,10000000,0.75,0.4542,7750000,0.0
100000,10000000,0.75,0.4542,7760000,0.0
100000,10000000,0.75,0.4542,7770000,0.0
100000,10000000,0.75,0.4542,7780000,0.0
100000,10000000,0.75,0.4542,7790000,0.0
100000,10000000,0.75,0.4542,7800000,0.0
100000,10000000,0.75,0.4542,7810000,0.0
100000,10000000,0.75,0.4542,7820000,0.0
100000,10000000,0.75,0.4542,7830000,0.0
100000,10000000,0.75,0.4542,7840000,0.0
100000,10000000,0.75,0.4542,7850000,0.0
100000,10000000,0.75,0.4542,7860000,0.0
100000,10000000,0.75,0.4542,7870000,0.0
100000,10000000,0.75,0.4542,7880000,0.0
100000,10000000,0.75,0.4542,7890000,0.0
100000,10000000,0.75,0.4542,7900000,0.0
100000,10000000,0.75,0.4542,7910000,0.0
100000,10000000,0.75,0.4542,7920000,0.0
100000,10000000,0.75,0.4542,7930000,0.0
100000,10000000,0.75,0.4542,7940000,0.0
100000,10000000,0.75,0.4542,7950000,0.0
100000,10000000,0.75,0.4542,7960000,0.0
100000,10000000,0.75,0.4542,7970000,0.0
100000,10000000,0.75,0.4542,7980000,0.0
100000,10000000,0.75,0.4542,7990000,0.0
100000,10000000,0.75,0.4542,8000000,0.0
100000,10000000,0.75,0.4542,8010000,0.0
100000,10000000,0.75,0.4542,8020000,0.0
100000,10000000,0.75,0.4542,8030000,0.0
100000,10000000,0.75,0.4542,8040000,0.0
100000,10000000,0.75,0.4542,8050000,0.0
100000,10000000,0.75,0.4542,8060000,0.0
100000,10000000,0.75,0.4542,8070000,0.0
100000,10000000,0.75,0.4542,8080000,0.0
100000,10000000,0.75,0.4542,8090000,0.0
100000,10000000,0.75,0.4542,8100000,0.0
100000,10000000,0.75,0.4542,8110000,0.0
100000,10000000,0.75,0.4542,8120000,0.0
100000,10000000,0.75,0.4542,8130000,0.0
100000,10000000,0.75,0.4542,8140000,0.0
100000,10000000,0.75,0.4542,8150000,0.0
100000,10000000,0.75,0.4542,8160000,0.0
100000,10000000,0.75,0.4542,8170000,0.0
100000,10000000,0.75,0.4542,8180000,0.0
100000,10000000,0.75,0.4542,8190000,0.0
100000,10000000,0.75,0.4542,8200000,0.0
100000,10000000,0.75,0.4542,8210000,0.0
100000,10000000,0.75,0.4542,8220000,0.0
100000,10000000,0.75,0.4542,8230000,0.0
100000,10000000,0.75,0.4542,8240000,0.0
100000,10000000,0.75,0.4542,8250000,0.0
100000,10000000,0.75,0.4542,8260000,0.0
100000,10000000,0.75,0.4542,8270000,0.0
100000,10000000,0.75,0.4542,8280000,0.0
100000,10000000,0.75,0.4542,8290000,0.0
100000,10000000,0.75,0.4542,8300000,0.0
100000,10000000,0.75,0.4542,8310000,0.0
100000,10000000,0.75,0.4542,8320000,0.0
100000,10000000,0.75,0.4542,8330000,0.0
100000,10000000,0.75,0.4542,8340000,0.0
100000,10000000,0.75,0.4542,8350000,0.0
100000,10000000,0.75,0.4542,8360000,0.0
100000,10000000,0.75,0.4542,8370000,0.0
100000,10000000,0.75,0.4542,8380000,0.0
100000,10000000,0.75,0.4542,8390000,0.0
100000,10000000,0.75,0.4542,8400000,0.0
100000,10000000,0.75,0.4542,8410000,0.0
100000,10000000,0.75,0.4542,8420000,0.0
100000,10000000,0.75,0.4542,8430000,0.0
100000,10000000,0.75,0.4542,8440000,0.0
100000,10000000,0.75,0.4542,8450000,0.0
100000,10000000,0.75,0.4542,8460000,0.0
100000,10000000,0.75,0.4542,8470000,0.0
100000,10000000,0.75,0.4542,8480000,0.0
100000,10000000,0.75,0.4542,8490000,0.0
100000,10000000,0.75,0.4542,8500000,0.0
100000,10000000,0.75,0.4542,8510000,0.0
100000,10000000,0.75,0.4542,8520000,0.0
100000,10000000,0.75,0.4542,8530000,0.0
100000,10000000,0.75,0.4542,8540000,0.0
100000,10000000,0.75,0.4542,8550000,0.0
100000,10000000,0.75,0.4542,8560000,0.0
100000,10000000,0.75,0.4542,8570000,0.0
100000,10000000,0.75,0.4542,8580000,0.0
100000,10000000,0.75,0.4542,8590000,0.0
100000,10000000,0.75,0.4542,8600000,0.0
100000,10000000,0.75,0.4542,8610000,0.0
100000,10000000,0.75,0.4542,8620000,0.0
100000,10000000,0.75,0.4542,8630000,0.0
100000,10000000,0.75,0.4542,8640000,0.0
100000,10000000,0.75,0.4542,8650000,0.0
100000,10000000,0.75,0.4542,8660000,0.0
100000,10000000,0.75,0.4542,8670000,0.0
100000,10000000,0.75,0.4542,8680000,0.0
100000,10000000,0.75,0.4542,8690000,0.0
100000,10000000,0.75,0.4542,8700000,0.0
100000,10000000,0.75,0.4542,8710000,0.0
100000,10000000,0.75,0.4542,8720000,0.0
100000,10000000,0.75,0.4542,8730000,0.0
100000,10000000,0.75,0.4542,8740000,0.0
100000,10000000,0.75,0.4542,8750000,0.0
100000,10000000,0.75,0.4542,8760000,0.0
100000,10000000,0.75,0.4542,8770000,0.0
100000,10000000,0.75,0.4542,8780000,0.0
100000,10000000,0.75,0.4542,8790000,0.0
100000,10000000,0.75,0.4542,8800000,0.0
100000,10000000,0.75,0.4542,8810000,0.0
100000,10000000,0.75,0.4542,8820000,0.0
100000,10000000,0.75,0.4542,8830000,0.0
100000,10000000,0.75,0.4542,8840000,0.0
100000,10000000,0.75,0.4542,8850000,0.0
100000,10000000,0.75,0.4542,8860000,0.0
100000,10000000,0.75,0.4542,8870000,0.0
100000,10000000,0.75,0.4542,8880000,0.0
100000,10000000,0.75,0.4542,8890000,0.0
100000,10000000,0.75,0.4542,8900000,0.0
100000,10000000,0.75,0.4542,8910000,0.0
100000,10000000,0.75,0.4542,8920000,0.0
100000,10000000,0.75,0.4542,8930000,0.0
100000,10000000,0.75,0.4542,8940000,0.0
100000,10000000,0.75,0.4542,8950000,0.0
100000,10000000,0.75,0.4542,8960000,0.0
100000,10000000,0.75,0.4542,8970000,0.0
100000,10000000,0.75,0.4542,8980000,0.0
100000,10000000,0.75,0.4542,8990000,0.0
100000,10000000,0.75,0.4542,9000000,0.0
100000,10000000,0.75,0.4542,9010000,0.0
100000,10000000,0.75,0.4542,9020000,0.0
100000,10000000,0.75,0.4542,9030000,0.0
100000,10000000,0.75,0.4542,9040000,0.0
100000,10000000,0.75,0.4542,9050000,0.0
100000,10000000,0.75,0.4542,9060000,0.0
100000,10000000,0.75,0.4542,9070000,0.0
100000,10000000,0.75,0.4542,9080000,0.0
100000,10000000,0.75,0.4542,9090000,0.0
100000,10000000,0.75,0.4542,9100000,0.0
100000,10000000,0.75,0.4542,9110000,0.0
100000,10000000,0.75,0.4542,9120000,0.0
100000,10000000,0.75,0.4542,9130000,0.0
100000,10000000,0.75,0.4542,9140000,0.0
100000,10000000,0.75,0.4542,9150000,0.0
100000,10000000,0.75,0.4542,9160000,0.0
100000,10000000,0.75,0.4542,9170000,0.0
100000,10000000,0.75,0.4542,9180000,0.0
100000,10000000,0.75,0.4542,9190000,0.0
100000,10000000,0.75,0.4542,9200000,0.0
100000,10000000,0.75,0.4542,9210000,0.0
100000,10000000,0.75,0.4542,9220000,0.0
100000,10000000,0.75,0.4542,9230000,0.0
100000,10000000,0.75,0.4542,9240000,0.0
100000,10000000,0.75,0.4542,9250000,0.0
100000,10000000,0.75,0.4542,9260000,0.0
100000,10000000,0.75,0.4542,9270000,0.0
100000,10000000,0.75,0.4542,9280000,0.0
100000,10000000,0.75,0.4542,9290000,0.0
100000,10000000,0.75,0.4542,9300000,0.0
100000,10000000,0.75,0.4542,9310000,0.0
100000,10000000,0.75,0.4542,9320000,0.0
100000,10000000,0.75,0.4542,9330000,0.0
100000,10000000,0.75,0.4542,9340000,0.0
100000,10000000,0.75,0.4542,9350000,0.0
100000,10000000,0.75,0.4542,9360000,0.0
100000,10000000,0.75,0.4542,9370000,0.0
100000,10000000,0.75,0.4542,9380000,0.0
100000,10000000,0.75,0.4542,9390000,0.0
100000,10000000,0.75,0.4542,9400000,0.0
100000,10000000,0.75,0.4542,9410000,0.0
100000,10000000,0.75,0.4542,9420000,0.0
100000,10000000,0.75,0.4542,9430000,0.0
100000,10000000,0.75,0.4542,9440000,0.0
100000,10000000,0.75,0.4542,9450000,0.0
100000,10000000,0.75,0.4542,9460000,0.0
100000,10000000,0.75,0.4542,9470000,0.0
100000,10000000,0.75,0.4542,9480000,0.0
100000,10000000,0.75,0.4542,9490000,0.0
100000,10000000,0.75,0.4542,9500000,0.0
100000,10000000,0.75,0.4542,9510000,0.0
100000,10000000,0.75,0.4542,9520000,0.0
100000,10000000,0.75,0.4542,9530000,0.0
100000,10000000,0.75,0.4542,9540000,0.0
100000,10000000,0.75,0.4542,9550000,0.0
100000,10000000,0.75,0.4542,9560000,0.0
100000,10000000,0.75,0.4542,9570000,0.0
100000,10000000,0.75,0.4542,9580000,0.0
100000,10000000,0.75,0.4542,9590000,0.0
100000,10000000,0.75,0.4542,9600000,0.0
100000,10000000,0.75,0.4542,9610000,0.0
100000,10000000,0.75,0.4542,9620000,0.0
100000,10000000,0.75,0.4542,9630000,0.0
100000,10000000,0.75,0.4542,9640000,0.0
100000,10000000,0.75,0.4542,9650000,0.0
100000,10000000,0.75,0.4542,9660000,0.0
100000,10000000,0.75,0.4542,9670000,0.0
100000,10000000,0.75,0.4542,9680000,0.0
100000,10000000,0.75,0.4542,9690000,0.0
100000,10000000,0.75,0.4542,9700000,0.0
100000,10000000,0.75,0.4542,9710000,0.0
100000,10000000,0.75,0.4542,9720000,0.0
100000,10000000,0.75,0.4542,9730000,0.0
100000,10000000,0.75,0.4542,9740000,0.0
100000,10000000,0.75,0.4542,9750000,0.0
100000,10000000,0.75,0.4542,9760000,0.0
100000,10000000,0.75,0.4542,9770000,0.0
100000,10000000,0.75,0.4542,9780000,0.0
100000,10000000,0.75,0.4542,9790000,0.0
100000,10000000,0.75,0.4542,9800000,0.0
100000,10000000,0.75,0.4542,9810000,0.0
100000,10000000,0.75,0.4542,9820000,0.0
100000,10000000,0.75,0.4542,9830000,0.0
100000,10000000,0.75,0.4542,9840000,0.0
100000,10000000,0.75,0.4542,9850000,0.0
100000,10000000,0.75,0.4542,9860000,0.0
100000,10000000,0.75,0.4542,9870000,0.0
100000,10000000,0.75,0.4542,9880000,0.0
100000,10000000,0.75,0.4542,9890000,0.0
100000,10000000,0.75,0.4542,9900000,0.0
100000,10000000,0.75,0.4542,9910000,0.0
100000,10000000,0.75,0.4542,9920000,0.0
100000,10000000,0.75,0.4542,9930000,0.0
100000,10000000,0.75,0.4542,9940000,0.0
100000,10000000,0.75,0.4542,9950000,0.0
100000,10000000,0.75,0.4542,9960000,0.0
100000,10000000,0.75,0.4542,9970000,0.0
100000,10000000,0.75,0.4542,9980000,0.0
100000,10000000,0.75,0.4542,9990000,0.0
