1000,1000000,0.3732,0,0.96
1000,1000000,0.3732,500,0.56
1000,1000000,0.3732,1000,0.527
1000,1000000,0.3732,1500,0.383
1000,1000000,0.3732,2000,0.445
1000,1000000,0.3732,2500,0.543
1000,1000000,0.3732,3000,0.462
1000,1000000,0.3732,3500,0.369
1000,1000000,0.3732,4000,0.404
1000,1000000,0.3732,4500,0.347
1000,1000000,0.3732,5000,0.468
1000,1000000,0.3732,5500,0.515
1000,1000000,0.3732,6000,0.551
1000,1000000,0.3732,6500,0.505
1000,1000000,0.3732,7000,0.498
1000,1000000,0.3732,7500,0.486
1000,1000000,0.3732,8000,0.555
1000,1000000,0.3732,8500,0.435
1000,1000000,0.3732,9000,0.369
1000,1000000,0.3732,9500,0.397
1000,1000000,0.3732,10000,0.361
1000,1000000,0.3732,10500,0.4
1000,1000000,0.3732,11000,0.368
1000,1000000,0.3732,11500,0.334
1000,1000000,0.3732,12000,0.494
1000,1000000,0.3732,12500,0.505
1000,1000000,0.3732,13000,0.628
1000,1000000,0.3732,13500,0.458
1000,1000000,0.3732,14000,0.428
1000,1000000,0.3732,14500,0.531
1000,1000000,0.3732,15000,0.427
1000,1000000,0.3732,15500,0.437
1000,1000000,0.3732,16000,0.463
1000,1000000,0.3732,16500,0.456
1000,1000000,0.3732,17000,0.606
1000,1000000,0.3732,17500,0.489
1000,1000000,0.3732,18000,0.479
1000,1000000,0.3732,18500,0.531
1000,1000000,0.3732,19000,0.522
1000,1000000,0.3732,19500,0.418
1000,1000000,0.3732,20000,0.458
1000,1000000,0.3732,20500,0.389
1000,1000000,0.3732,21000,0.386
1000,1000000,0.3732,21500,0.368
1000,1000000,0.3732,22000,0.441
1000,1000000,0.3732,22500,0.399
1000,1000000,0.3732,23000,0.422
1000,1000000,0.3732,23500,0.283
1000,1000000,0.3732,24000,0.446
1000,1000000,0.3732,24500,0.397
1000,1000000,0.3732,25000,0.424
1000,1000000,0.3732,25500,0.461
1000,1000000,0.3732,26000,0.474
1000,1000000,0.3732,26500,0.514
1000,1000000,0.3732,27000,0.414
1000,1000000,0.3732,27500,0.382
1000,1000000,0.3732,28000,0.499
1000,1000000,0.3732,28500,0.462
1000,1000000,0.3732,29000,0.627
1000,1000000,0.3732,29500,0.465
1000,1000000,0.3732,30000,0.435
1000,1000000,0.3732,30500,0.377
1000,1000000,0.3732,31000,0.372
1000,1000000,0.3732,31500,0.408
1000,1000000,0.3732,32000,0.542
1000,1000000,0.3732,32500,0.431
1000,1000000,0.3732,33000,0.494
1000,1000000,0.3732,33500,0.544
1000,1000000,0.3732,34000,0.488
1000,1000000,0.3732,34500,0.532
1000,1000000,0.3732,35000,0.485
1000,1000000,0.3732,35500,0.444
1000,1000000,0.3732,36000,0.454
1000,1000000,0.3732,36500,0.5
1000,1000000,0.3732,37000,0.549
1000,1000000,0.3732,37500,0.336
1000,1000000,0.3732,38000,0.398
1000,1000000,0.3732,38500,0.403
1000,1000000,0.3732,39000,0.594
1000,1000000,0.3732,39500,0.559
1000,1000000,0.3732,40000,0.445
1000,1000000,0.3732,40500,0.399
1000,1000000,0.3732,41000,0.489
1000,1000000,0.3732,41500,0.451
1000,1000000,0.3732,42000,0.431
1000,1000000,0.3732,42500,0.506
1000,1000000,0.3732,43000,0.511
1000,1000000,0.3732,43500,0.389
1000,1000000,0.3732,44000,0.531
1000,1000000,0.3732,44500,0.502
1000,1000000,0.3732,45000,0.393
1000,1000000,0.3732,45500,0.443
1000,1000000,0.3732,46000,0.472
1000,1000000,0.3732,46500,0.441
1000,1000000,0.3732,47000,0.483
1000,1000000,0.3732,47500,0.484
1000,1000000,0.3732,48000,0.461
1000,1000000,0.3732,48500,0.377
1000,1000000,0.3732,49000,0.449
1000,1000000,0.3732,49500,0.401
1000,1000000,0.3732,50000,0.368
1000,1000000,0.3732,50500,0.45
1000,1000000,0.3732,51000,0.366
1000,1000000,0.3732,51500,0.495
1000,1000000,0.3732,52000,0.516
1000,1000000,0.3732,52500,0.506
1000,1000000,0.3732,53000,0.57
1000,1000000,0.3732,53500,0.485
1000,1000000,0.3732,54000,0.39
1000,1000000,0.3732,54500,0.397
1000,1000000,0.3732,55000,0.347
1000,1000000,0.3732,55500,0.458
1000,1000000,0.3732,56000,0.47
1000,1000000,0.3732,56500,0.421
1000,1000000,0.3732,57000,0.46
1000,1000000,0.3732,57500,0.46
1000,1000000,0.3732,58000,0.484
1000,1000000,0.3732,58500,0.556
1000,1000000,0.3732,59000,0.539
1000,1000000,0.3732,59500,0.46
1000,1000000,0.3732,60000,0.548
1000,1000000,0.3732,60500,0.46
1000,1000000,0.3732,61000,0.472
1000,1000000,0.3732,61500,0.288
1000,1000000,0.3732,62000,0.285
1000,1000000,0.3732,62500,0.387
1000,1000000,0.3732,63000,0.346
1000,1000000,0.3732,63500,0.388
1000,1000000,0.3732,64000,0.331
1000,1000000,0.3732,64500,0.315
1000,1000000,0.3732,65000,0.418
1000,1000000,0.3732,65500,0.338
1000,1000000,0.3732,66000,0.292
1000,1000000,0.3732,66500,0.209
1000,1000000,0.3732,67000,0.286
1000,1000000,0.3732,67500,0.272
1000,1000000,0.3732,68000,0.247
1000,1000000,0.3732,68500,0.253
1000,1000000,0.3732,69000,0.252
1000,1000000,0.3732,69500,0.167
1000,1000000,0.3732,70000,0.198
1000,1000000,0.3732,70500,0.236
1000,1000000,0.3732,71000,0.22
1000,1000000,0.3732,71500,0.193
1000,1000000,0.3732,72000,0.212
1000,1000000,0.3732,72500,0.269
1000,1000000,0.3732,73000,0.346
1000,1000000,0.3732,73500,0.344
1000,1000000,0.3732,74000,0.367
1000,1000000,0.3732,74500,0.362
1000,1000000,0.3732,75000,0.248
1000,1000000,0.3732,75500,0.333
1000,1000000,0.3732,76000,0.4
1000,1000000,0.3732,76500,0.291
1000,1000000,0.3732,77000,0.245
1000,1000000,0.3732,77500,0.28
1000,1000000,0.3732,78000,0.365
1000,1000000,0.3732,78500,0.282
1000,1000000,0.3732,79000,0.355
1000,1000000,0.3732,79500,0.36
1000,1000000,0.3732,80000,0.394
1000,1000000,0.3732,80500,0.428
1000,1000000,0.3732,81000,0.343
1000,1000000,0.3732,81500,0.345
1000,1000000,0.3732,82000,0.335
1000,1000000,0.3732,82500,0.369
1000,1000000,0.3732,83000,0.39
1000,1000000,0.3732,83500,0.363
1000,1000000,0.3732,84000,0.37
1000,1000000,0.3732,84500,0.473
1000,1000000,0.3732,85000,0.423
1000,1000000,0.3732,85500,0.436
1000,1000000,0.3732,86000,0.394
1000,1000000,0.3732,86500,0.249
1000,1000000,0.3732,87000,0.242
1000,1000000,0.3732,87500,0.269
1000,1000000,0.3732,88000,0.237
1000,1000000,0.3732,88500,0.229
1000,1000000,0.3732,89000,0.372
1000,1000000,0.3732,89500,0.311
1000,1000000,0.3732,90000,0.31
1000,1000000,0.3732,90500,0.35
1000,1000000,0.3732,91000,0.383
1000,1000000,0.3732,91500,0.324
1000,1000000,0.3732,92000,0.293
1000,1000000,0.3732,92500,0.429
1000,1000000,0.3732,93000,0.473
1000,1000000,0.3732,93500,0.473
1000,1000000,0.3732,94000,0.474
1000,1000000,0.3732,94500,0.494
1000,1000000,0.3732,95000,0.527
1000,1000000,0.3732,95500,0.528
1000,1000000,0.3732,96000,0.507
1000,1000000,0.3732,96500,0.551
1000,1000000,0.3732,97000,0.497
1000,1000000,0.3732,97500,0.488
1000,1000000,0.3732,98000,0.43
1000,1000000,0.3732,98500,0.399
1000,1000000,0.3732,99000,0.485
1000,1000000,0.3732,99500,0.492
1000,1000000,0.3732,100000,0.422
1000,1000000,0.3732,100500,0.409
1000,1000000,0.3732,101000,0.534
1000,1000000,0.3732,101500,0.587
1000,1000000,0.3732,102000,0.591
1000,1000000,0.3732,102500,0.492
1000,1000000,0.3732,103000,0.473
1000,1000000,0.3732,103500,0.45
1000,1000000,0.3732,104000,0.505
1000,1000000,0.3732,104500,0.432
1000,1000000,0.3732,105000,0.487
1000,1000000,0.3732,105500,0.536
1000,1000000,0.3732,106000,0.56
1000,1000000,0.3732,106500,0.511
1000,1000000,0.3732,107000,0.453
1000,1000000,0.3732,107500,0.568
1000,1000000,0.3732,108000,0.474
1000,1000000,0.3732,108500,0.493
1000,1000000,0.3732,109000,0.382
1000,1000000,0.3732,109500,0.401
1000,1000000,0.3732,110000,0.488
1000,1000000,0.3732,110500,0.405
1000,1000000,0.3732,111000,0.43
1000,1000000,0.3732,111500,0.433
1000,1000000,0.3732,112000,0.378
1000,1000000,0.3732,112500,0.494
1000,1000000,0.3732,113000,0.389
1000,1000000,0.3732,113500,0.279
1000,1000000,0.3732,114000,0.267
1000,1000000,0.3732,114500,0.272
1000,1000000,0.3732,115000,0.327
1000,1000000,0.3732,115500,0.352
1000,1000000,0.3732,116000,0.336
1000,1000000,0.3732,116500,0.339
1000,1000000,0.3732,117000,0.342
1000,1000000,0.3732,117500,0.393
1000,1000000,0.3732,118000,0.357
1000,1000000,0.3732,118500,0.404
1000,1000000,0.3732,119000,0.407
1000,1000000,0.3732,119500,0.289
1000,1000000,0.3732,120000,0.395
1000,1000000,0.3732,120500,0.38
1000,1000000,0.3732,121000,0.456
1000,1000000,0.3732,121500,0.413
1000,1000000,0.3732,122000,0.543
1000,1000000,0.3732,122500,0.456
1000,1000000,0.3732,123000,0.377
1000,1000000,0.3732,123500,0.373
1000,1000000,0.3732,124000,0.311
1000,1000000,0.3732,124500,0.37
1000,1000000,0.3732,125000,0.334
1000,1000000,0.3732,125500,0.331
1000,1000000,0.3732,126000,0.403
1000,1000000,0.3732,126500,0.429
1000,1000000,0.3732,127000,0.54
1000,1000000,0.3732,127500,0.464
1000,1000000,0.3732,128000,0.518
1000,1000000,0.3732,128500,0.571
1000,1000000,0.3732,129000,0.502
1000,1000000,0.3732,129500,0.463
1000,1000000,0.3732,130000,0.477
1000,1000000,0.3732,130500,0.577
1000,1000000,0.3732,131000,0.437
1000,1000000,0.3732,131500,0.427
1000,1000000,0.3732,132000,0.488
1000,1000000,0.3732,132500,0.499
1000,1000000,0.3732,133000,0.458
1000,1000000,0.3732,133500,0.423
1000,1000000,0.3732,134000,0.517
1000,1000000,0.3732,134500,0.246
1000,1000000,0.3732,135000,0.35
1000,1000000,0.3732,135500,0.374
1000,1000000,0.3732,136000,0.379
1000,1000000,0.3732,136500,0.465
1000,1000000,0.3732,137000,0.431
1000,1000000,0.3732,137500,0.358
1000,1000000,0.3732,138000,0.339
1000,1000000,0.3732,138500,0.284
1000,1000000,0.3732,139000,0.255
1000,1000000,0.3732,139500,0.342
1000,1000000,0.3732,140000,0.367
1000,1000000,0.3732,140500,0.307
1000,1000000,0.3732,141000,0.291
1000,1000000,0.3732,141500,0.284
1000,1000000,0.3732,142000,0.295
1000,1000000,0.3732,142500,0.271
1000,1000000,0.3732,143000,0.325
1000,1000000,0.3732,143500,0.392
1000,1000000,0.3732,144000,0.402
1000,1000000,0.3732,144500,0.429
1000,1000000,0.3732,145000,0.425
1000,1000000,0.3732,145500,0.48
1000,1000000,0.3732,146000,0.436
1000,1000000,0.3732,146500,0.519
1000,1000000,0.3732,147000,0.385
1000,1000000,0.3732,147500,0.394
1000,1000000,0.3732,148000,0.533
1000,1000000,0.3732,148500,0.511
1000,1000000,0.3732,149000,0.556
1000,1000000,0.3732,149500,0.45
1000,1000000,0.3732,150000,0.43
1000,1000000,0.3732,150500,0.45
1000,1000000,0.3732,151000,0.483
1000,1000000,0.3732,151500,0.33
1000,1000000,0.3732,152000,0.456
1000,1000000,0.3732,152500,0.52
1000,1000000,0.3732,153000,0.21
1000,1000000,0.3732,153500,0.373
1000,1000000,0.3732,154000,0.441
1000,1000000,0.3732,154500,0.343
1000,1000000,0.3732,155000,0.459
1000,1000000,0.3732,155500,0.447
1000,1000000,0.3732,156000,0.479
1000,1000000,0.3732,156500,0.391
1000,1000000,0.3732,157000,0.511
1000,1000000,0.3732,157500,0.433
1000,1000000,0.3732,158000,0.398
1000,1000000,0.3732,158500,0.463
1000,1000000,0.3732,159000,0.413
1000,1000000,0.3732,159500,0.401
1000,1000000,0.3732,160000,0.172
1000,1000000,0.3732,160500,0.205
1000,1000000,0.3732,161000,0.203
1000,1000000,0.3732,161500,0.242
1000,1000000,0.3732,162000,0.298
1000,1000000,0.3732,162500,0.374
1000,1000000,0.3732,163000,0.374
1000,1000000,0.3732,163500,0.425
1000,1000000,0.3732,164000,0.354
1000,1000000,0.3732,164500,0.452
1000,1000000,0.3732,165000,0.307
1000,1000000,0.3732,165500,0.453
1000,1000000,0.3732,166000,0.342
1000,1000000,0.3732,166500,0.277
1000,1000000,0.3732,167000,0.376
1000,1000000,0.3732,167500,0.37
1000,1000000,0.3732,168000,0.453
1000,1000000,0.3732,168500,0.515
1000,1000000,0.3732,169000,0.464
1000,1000000,0.3732,169500,0.466
1000,1000000,0.3732,170000,0.363
1000,1000000,0.3732,170500,0.355
1000,1000000,0.3732,171000,0.356
1000,1000000,0.3732,171500,0.361
1000,1000000,0.3732,172000,0.383
1000,1000000,0.3732,172500,0.38
1000,1000000,0.3732,173000,0.473
1000,1000000,0.3732,173500,0.442
1000,1000000,0.3732,174000,0.458
1000,1000000,0.3732,174500,0.455
1000,1000000,0.3732,175000,0.473
1000,1000000,0.3732,175500,0.442
1000,1000000,0.3732,176000,0.467
1000,1000000,0.3732,176500,0.481
1000,1000000,0.3732,177000,0.526
1000,1000000,0.3732,177500,0.493
1000,1000000,0.3732,178000,0.5
1000,1000000,0.3732,178500,0.458
1000,1000000,0.3732,179000,0.411
1000,1000000,0.3732,179500,0.451
1000,1000000,0.3732,180000,0.386
1000,1000000,0.3732,180500,0.434
1000,1000000,0.3732,181000,0.359
1000,1000000,0.3732,181500,0.359
1000,1000000,0.3732,182000,0.32
1000,1000000,0.3732,182500,0.48
1000,1000000,0.3732,183000,0.405
1000,1000000,0.3732,183500,0.429
1000,1000000,0.3732,184000,0.473
1000,1000000,0.3732,184500,0.359
1000,1000000,0.3732,185000,0.404
1000,1000000,0.3732,185500,0.379
1000,1000000,0.3732,186000,0.563
1000,1000000,0.3732,186500,0.44
1000,1000000,0.3732,187000,0.182
1000,1000000,0.3732,187500,0.205
1000,1000000,0.3732,188000,0.221
1000,1000000,0.3732,188500,0.248
1000,1000000,0.3732,189000,0.212
1000,1000000,0.3732,189500,0.262
1000,1000000,0.3732,190000,0.214
1000,1000000,0.3732,190500,0.174
1000,1000000,0.3732,191000,0.231
1000,1000000,0.3732,191500,0.306
1000,1000000,0.3732,192000,0.303
1000,1000000,0.3732,192500,0.39
1000,1000000,0.3732,193000,0.391
1000,1000000,0.3732,193500,0.408
1000,1000000,0.3732,194000,0.455
1000,1000000,0.3732,194500,0.469
1000,1000000,0.3732,195000,0.425
1000,1000000,0.3732,195500,0.533
1000,1000000,0.3732,196000,0.505
1000,1000000,0.3732,196500,0.435
1000,1000000,0.3732,197000,0.428
1000,1000000,0.3732,197500,0.516
1000,1000000,0.3732,198000,0.507
1000,1000000,0.3732,198500,0.444
1000,1000000,0.3732,199000,0.489
1000,1000000,0.3732,199500,0.378
1000,1000000,0.3732,200000,0.465
1000,1000000,0.3732,200500,0.463
1000,1000000,0.3732,201000,0.415
1000,1000000,0.3732,201500,0.383
1000,1000000,0.3732,202000,0.386
1000,1000000,0.3732,202500,0.35
1000,1000000,0.3732,203000,0.355
1000,1000000,0.3732,203500,0.27
1000,1000000,0.3732,204000,0.317
1000,1000000,0.3732,204500,0.256
1000,1000000,0.3732,205000,0.306
1000,1000000,0.3732,205500,0.307
1000,1000000,0.3732,206000,0.282
1000,1000000,0.3732,206500,0.277
1000,1000000,0.3732,207000,0.358
1000,1000000,0.3732,207500,0.417
1000,1000000,0.3732,208000,0.365
1000,1000000,0.3732,208500,0.296
1000,1000000,0.3732,209000,0.369
1000,1000000,0.3732,209500,0.385
1000,1000000,0.3732,210000,0.367
1000,1000000,0.3732,210500,0.45
1000,1000000,0.3732,211000,0.515
1000,1000000,0.3732,211500,0.395
1000,1000000,0.3732,212000,0.337
1000,1000000,0.3732,212500,0.432
1000,1000000,0.3732,213000,0.348
1000,1000000,0.3732,213500,0.313
1000,1000000,0.3732,214000,0.465
1000,1000000,0.3732,214500,0.43
1000,1000000,0.3732,215000,0.399
1000,1000000,0.3732,215500,0.429
1000,1000000,0.3732,216000,0.421
1000,1000000,0.3732,216500,0.496
1000,1000000,0.3732,217000,0.446
1000,1000000,0.3732,217500,0.436
1000,1000000,0.3732,218000,0.37
1000,1000000,0.3732,218500,0.447
1000,1000000,0.3732,219000,0.384
1000,1000000,0.3732,219500,0.314
1000,1000000,0.3732,220000,0.423
1000,1000000,0.3732,220500,0.446
1000,1000000,0.3732,221000,0.436
1000,1000000,0.3732,221500,0.308
1000,1000000,0.3732,222000,0.366
1000,1000000,0.3732,222500,0.42
1000,1000000,0.3732,223000,0.507
1000,1000000,0.3732,223500,0.494
1000,1000000,0.3732,224000,0.454
1000,1000000,0.3732,224500,0.499
1000,1000000,0.3732,225000,0.447
1000,1000000,0.3732,225500,0.478
1000,1000000,0.3732,226000,0.393
1000,1000000,0.3732,226500,0.44
1000,1000000,0.3732,227000,0.518
1000,1000000,0.3732,227500,0.417
1000,1000000,0.3732,228000,0.417
1000,1000000,0.3732,228500,0.459
1000,1000000,0.3732,229000,0.512
1000,1000000,0.3732,229500,0.457
1000,1000000,0.3732,230000,0.536
1000,1000000,0.3732,230500,0.559
1000,1000000,0.3732,231000,0.333
1000,1000000,0.3732,231500,0.446
1000,1000000,0.3732,232000,0.382
1000,1000000,0.3732,232500,0.353
1000,1000000,0.3732,233000,0.409
1000,1000000,0.3732,233500,0.357
1000,1000000,0.3732,234000,0.464
1000,1000000,0.3732,234500,0.349
1000,1000000,0.3732,235000,0.429
1000,1000000,0.3732,235500,0.467
1000,1000000,0.3732,236000,0.4
1000,1000000,0.3732,236500,0.441
1000,1000000,0.3732,237000,0.365
1000,1000000,0.3732,237500,0.363
1000,1000000,0.3732,238000,0.387
1000,1000000,0.3732,238500,0.407
1000,1000000,0.3732,239000,0.406
1000,1000000,0.3732,239500,0.472
1000,1000000,0.3732,240000,0.248
1000,1000000,0.3732,240500,0.341
1000,1000000,0.3732,241000,0.336
1000,1000000,0.3732,241500,0.36
1000,1000000,0.3732,242000,0.39
1000,1000000,0.3732,242500,0.295
1000,1000000,0.3732,243000,0.303
1000,1000000,0.3732,243500,0.441
1000,1000000,0.3732,244000,0.467
1000,1000000,0.3732,244500,0.516
1000,1000000,0.3732,245000,0.406
1000,1000000,0.3732,245500,0.364
1000,1000000,0.3732,246000,0.433
1000,1000000,0.3732,246500,0.422
1000,1000000,0.3732,247000,0.317
1000,1000000,0.3732,247500,0.421
1000,1000000,0.3732,248000,0.38
1000,1000000,0.3732,248500,0.41
1000,1000000,0.3732,249000,0.379
1000,1000000,0.3732,249500,0.37
1000,1000000,0.3732,250000,0.389
1000,1000000,0.3732,250500,0.33
1000,1000000,0.3732,251000,0.501
1000,1000000,0.3732,251500,0.485
1000,1000000,0.3732,252000,0.422
1000,1000000,0.3732,252500,0.439
1000,1000000,0.3732,253000,0.49
1000,1000000,0.3732,253500,0.555
1000,1000000,0.3732,254000,0.5
1000,1000000,0.3732,254500,0.425
1000,1000000,0.3732,255000,0.498
1000,1000000,0.3732,255500,0.391
1000,1000000,0.3732,256000,0.441
1000,1000000,0.3732,256500,0.42
1000,1000000,0.3732,257000,0.406
1000,1000000,0.3732,257500,0.507
1000,1000000,0.3732,258000,0.485
1000,1000000,0.3732,258500,0.52
1000,1000000,0.3732,259000,0.497
1000,1000000,0.3732,259500,0.49
1000,1000000,0.3732,260000,0.456
1000,1000000,0.3732,260500,0.545
1000,1000000,0.3732,261000,0.464
1000,1000000,0.3732,261500,0.395
1000,1000000,0.3732,262000,0.508
1000,1000000,0.3732,262500,0.499
1000,1000000,0.3732,263000,0.371
1000,1000000,0.3732,263500,0.352
1000,1000000,0.3732,264000,0.36
1000,1000000,0.3732,264500,0.344
1000,1000000,0.3732,265000,0.373
1000,1000000,0.3732,265500,0.4
1000,1000000,0.3732,266000,0.372
1000,1000000,0.3732,266500,0.322
1000,1000000,0.3732,267000,0.311
1000,1000000,0.3732,267500,0.249
1000,1000000,0.3732,268000,0.35
1000,1000000,0.3732,268500,0.296
1000,1000000,0.3732,269000,0.395
1000,1000000,0.3732,269500,0.468
1000,1000000,0.3732,270000,0.376
1000,1000000,0.3732,270500,0.386
1000,1000000,0.3732,271000,0.39
1000,1000000,0.3732,271500,0.323
1000,1000000,0.3732,272000,0.328
1000,1000000,0.3732,272500,0.409
1000,1000000,0.3732,273000,0.349
1000,1000000,0.3732,273500,0.375
1000,1000000,0.3732,274000,0.499
1000,1000000,0.3732,274500,0.354
1000,1000000,0.3732,275000,0.271
1000,1000000,0.3732,275500,0.356
1000,1000000,0.3732,276000,0.293
1000,1000000,0.3732,276500,0.303
1000,1000000,0.3732,277000,0.336
1000,1000000,0.3732,277500,0.347
1000,1000000,0.3732,278000,0.26
1000,1000000,0.3732,278500,0.311
1000,1000000,0.3732,279000,0.31
1000,1000000,0.3732,279500,0.38
1000,1000000,0.3732,280000,0.327
1000,1000000,0.3732,280500,0.378
1000,1000000,0.3732,281000,0.275
1000,1000000,0.3732,281500,0.362
1000,1000000,0.3732,282000,0.374
1000,1000000,0.3732,282500,0.301
1000,1000000,0.3732,283000,0.325
1000,1000000,0.3732,283500,0.415
1000,1000000,0.3732,284000,0.447
1000,1000000,0.3732,284500,0.413
1000,1000000,0.3732,285000,0.381
1000,1000000,0.3732,285500,0.489
1000,1000000,0.3732,286000,0.363
1000,1000000,0.3732,286500,0.421
1000,1000000,0.3732,287000,0.396
1000,1000000,0.3732,287500,0.347
1000,1000000,0.3732,288000,0.308
1000,1000000,0.3732,288500,0.245
1000,1000000,0.3732,289000,0.318
1000,1000000,0.3732,289500,0.239
1000,1000000,0.3732,290000,0.258
1000,1000000,0.3732,290500,0.241
1000,1000000,0.3732,291000,0.39
1000,1000000,0.3732,291500,0.308
1000,1000000,0.3732,292000,0.377
1000,1000000,0.3732,292500,0.38
1000,1000000,0.3732,293000,0.252
1000,1000000,0.3732,293500,0.25
1000,1000000,0.3732,294000,0.338
1000,1000000,0.3732,294500,0.301
1000,1000000,0.3732,295000,0.375
1000,1000000,0.3732,295500,0.327
1000,1000000,0.3732,296000,0.397
1000,1000000,0.3732,296500,0.404
1000,1000000,0.3732,297000,0.354
1000,1000000,0.3732,297500,0.32
1000,1000000,0.3732,298000,0.261
1000,1000000,0.3732,298500,0.3
1000,1000000,0.3732,299000,0.328
1000,1000000,0.3732,299500,0.27
1000,1000000,0.3732,300000,0.422
1000,1000000,0.3732,300500,0.443
1000,1000000,0.3732,301000,0.426
1000,1000000,0.3732,301500,0.379
1000,1000000,0.3732,302000,0.371
1000,1000000,0.3732,302500,0.422
1000,1000000,0.3732,303000,0.407
1000,1000000,0.3732,303500,0.422
1000,1000000,0.3732,304000,0.435
1000,1000000,0.3732,304500,0.467
1000,1000000,0.3732,305000,0.569
1000,1000000,0.3732,305500,0.431
1000,1000000,0.3732,306000,0.367
1000,1000000,0.3732,306500,0.481
1000,1000000,0.3732,307000,0.581
1000,1000000,0.3732,307500,0.431
1000,1000000,0.3732,308000,0.416
1000,1000000,0.3732,308500,0.376
1000,1000000,0.3732,309000,0.301
1000,1000000,0.3732,309500,0.272
1000,1000000,0.3732,310000,0.305
1000,1000000,0.3732,310500,0.299
1000,1000000,0.3732,311000,0.394
1000,1000000,0.3732,311500,0.398
1000,1000000,0.3732,312000,0.368
1000,1000000,0.3732,312500,0.441
1000,1000000,0.3732,313000,0.555
1000,1000000,0.3732,313500,0.432
1000,1000000,0.3732,314000,0.456
1000,1000000,0.3732,314500,0.478
1000,1000000,0.3732,315000,0.419
1000,1000000,0.3732,315500,0.508
1000,1000000,0.3732,316000,0.521
1000,1000000,0.3732,316500,0.435
1000,1000000,0.3732,317000,0.379
1000,1000000,0.3732,317500,0.363
1000,1000000,0.3732,318000,0.41
1000,1000000,0.3732,318500,0.403
1000,1000000,0.3732,319000,0.327
1000,1000000,0.3732,319500,0.302
1000,1000000,0.3732,320000,0.332
1000,1000000,0.3732,320500,0.273
1000,1000000,0.3732,321000,0.271
1000,1000000,0.3732,321500,0.432
1000,1000000,0.3732,322000,0.472
1000,1000000,0.3732,322500,0.422
1000,1000000,0.3732,323000,0.372
1000,1000000,0.3732,323500,0.413
1000,1000000,0.3732,324000,0.478
1000,1000000,0.3732,324500,0.463
1000,1000000,0.3732,325000,0.527
1000,1000000,0.3732,325500,0.495
1000,1000000,0.3732,326000,0.408
1000,1000000,0.3732,326500,0.491
1000,1000000,0.3732,327000,0.515
1000,1000000,0.3732,327500,0.413
1000,1000000,0.3732,328000,0.388
1000,1000000,0.3732,328500,0.4
1000,1000000,0.3732,329000,0.394
1000,1000000,0.3732,329500,0.314
1000,1000000,0.3732,330000,0.354
1000,1000000,0.3732,330500,0.337
1000,1000000,0.3732,331000,0.46
1000,1000000,0.3732,331500,0.281
1000,1000000,0.3732,332000,0.309
1000,1000000,0.3732,332500,0.362
1000,1000000,0.3732,333000,0.353
1000,1000000,0.3732,333500,0.442
1000,1000000,0.3732,334000,0.428
1000,1000000,0.3732,334500,0.503
1000,1000000,0.3732,335000,0.4
1000,1000000,0.3732,335500,0.513
1000,1000000,0.3732,336000,0.488
1000,1000000,0.3732,336500,0.49
1000,1000000,0.3732,337000,0.488
1000,1000000,0.3732,337500,0.601
1000,1000000,0.3732,338000,0.577
1000,1000000,0.3732,338500,0.58
1000,1000000,0.3732,339000,0.571
1000,1000000,0.3732,339500,0.521
1000,1000000,0.3732,340000,0.503
1000,1000000,0.3732,340500,0.531
1000,1000000,0.3732,341000,0.531
1000,1000000,0.3732,341500,0.475
1000,1000000,0.3732,342000,0.546
1000,1000000,0.3732,342500,0.52
1000,1000000,0.3732,343000,0.514
1000,1000000,0.3732,343500,0.423
1000,1000000,0.3732,344000,0.523
1000,1000000,0.3732,344500,0.474
1000,1000000,0.3732,345000,0.401
1000,1000000,0.3732,345500,0.371
1000,1000000,0.3732,346000,0.532
1000,1000000,0.3732,346500,0.423
1000,1000000,0.3732,347000,0.468
1000,1000000,0.3732,347500,0.436
1000,1000000,0.3732,348000,0.385
1000,1000000,0.3732,348500,0.409
1000,1000000,0.3732,349000,0.402
1000,1000000,0.3732,349500,0.304
1000,1000000,0.3732,350000,0.377
1000,1000000,0.3732,350500,0.544
1000,1000000,0.3732,351000,0.606
1000,1000000,0.3732,351500,0.555
1000,1000000,0.3732,352000,0.56
1000,1000000,0.3732,352500,0.475
1000,1000000,0.3732,353000,0.474
1000,1000000,0.3732,353500,0.396
1000,1000000,0.3732,354000,0.444
1000,1000000,0.3732,354500,0.335
1000,1000000,0.3732,355000,0.317
1000,1000000,0.3732,355500,0.409
1000,1000000,0.3732,356000,0.466
1000,1000000,0.3732,356500,0.307
1000,1000000,0.3732,357000,0.269
1000,1000000,0.3732,357500,0.261
1000,1000000,0.3732,358000,0.313
1000,1000000,0.3732,358500,0.331
1000,1000000,0.3732,359000,0.309
1000,1000000,0.3732,359500,0.385
1000,1000000,0.3732,360000,0.341
1000,1000000,0.3732,360500,0.503
1000,1000000,0.3732,361000,0.421
1000,1000000,0.3732,361500,0.353
1000,1000000,0.3732,362000,0.337
1000,1000000,0.3732,362500,0.281
1000,1000000,0.3732,363000,0.319
1000,1000000,0.3732,363500,0.264
1000,1000000,0.3732,364000,0.204
1000,1000000,0.3732,364500,0.246
1000,1000000,0.3732,365000,0.239
1000,1000000,0.3732,365500,0.21
1000,1000000,0.3732,366000,0.247
1000,1000000,0.3732,366500,0.297
1000,1000000,0.3732,367000,0.353
1000,1000000,0.3732,367500,0.333
1000,1000000,0.3732,368000,0.371
1000,1000000,0.3732,368500,0.349
1000,1000000,0.3732,369000,0.327
1000,1000000,0.3732,369500,0.417
1000,1000000,0.3732,370000,0.423
1000,1000000,0.3732,370500,0.504
1000,1000000,0.3732,371000,0.56
1000,1000000,0.3732,371500,0.463
1000,1000000,0.3732,372000,0.513
1000,1000000,0.3732,372500,0.398
1000,1000000,0.3732,373000,0.37
1000,1000000,0.3732,373500,0.406
1000,1000000,0.3732,374000,0.43
1000,1000000,0.3732,374500,0.499
1000,1000000,0.3732,375000,0.448
1000,1000000,0.3732,375500,0.423
1000,1000000,0.3732,376000,0.431
1000,1000000,0.3732,376500,0.473
1000,1000000,0.3732,377000,0.529
1000,1000000,0.3732,377500,0.502
1000,1000000,0.3732,378000,0.448
1000,1000000,0.3732,378500,0.34
1000,1000000,0.3732,379000,0.395
1000,1000000,0.3732,379500,0.474
1000,1000000,0.3732,380000,0.529
1000,1000000,0.3732,380500,0.587
1000,1000000,0.3732,381000,0.505
1000,1000000,0.3732,381500,0.522
1000,1000000,0.3732,382000,0.584
1000,1000000,0.3732,382500,0.524
1000,1000000,0.3732,383000,0.407
1000,1000000,0.3732,383500,0.541
1000,1000000,0.3732,384000,0.438
1000,1000000,0.3732,384500,0.565
1000,1000000,0.3732,385000,0.507
1000,1000000,0.3732,385500,0.419
1000,1000000,0.3732,386000,0.404
1000,1000000,0.3732,386500,0.45
1000,1000000,0.3732,387000,0.418
1000,1000000,0.3732,387500,0.531
1000,1000000,0.3732,388000,0.563
1000,1000000,0.3732,388500,0.462
1000,1000000,0.3732,389000,0.527
1000,1000000,0.3732,389500,0.479
1000,1000000,0.3732,390000,0.568
1000,1000000,0.3732,390500,0.555
1000,1000000,0.3732,391000,0.5
1000,1000000,0.3732,391500,0.494
1000,1000000,0.3732,392000,0.519
1000,1000000,0.3732,392500,0.449
1000,1000000,0.3732,393000,0.494
1000,1000000,0.3732,393500,0.423
1000,1000000,0.3732,394000,0.382
1000,1000000,0.3732,394500,0.368
1000,1000000,0.3732,395000,0.404
1000,1000000,0.3732,395500,0.345
1000,1000000,0.3732,396000,0.329
1000,1000000,0.3732,396500,0.311
1000,1000000,0.3732,397000,0.371
1000,1000000,0.3732,397500,0.379
1000,1000000,0.3732,398000,0.338
1000,1000000,0.3732,398500,0.386
1000,1000000,0.3732,399000,0.369
1000,1000000,0.3732,399500,0.323
1000,1000000,0.3732,400000,0.431
1000,1000000,0.3732,400500,0.463
1000,1000000,0.3732,401000,0.517
1000,1000000,0.3732,401500,0.413
1000,1000000,0.3732,402000,0.431
1000,1000000,0.3732,402500,0.34
1000,1000000,0.3732,403000,0.375
1000,1000000,0.3732,403500,0.3
1000,1000000,0.3732,404000,0.293
1000,1000000,0.3732,404500,0.352
1000,1000000,0.3732,405000,0.307
1000,1000000,0.3732,405500,0.174
1000,1000000,0.3732,406000,0.34
1000,1000000,0.3732,406500,0.398
1000,1000000,0.3732,407000,0.368
1000,1000000,0.3732,407500,0.454
1000,1000000,0.3732,408000,0.34
1000,1000000,0.3732,408500,0.388
1000,1000000,0.3732,409000,0.441
1000,1000000,0.3732,409500,0.407
1000,1000000,0.3732,410000,0.429
1000,1000000,0.3732,410500,0.35
1000,1000000,0.3732,411000,0.335
1000,1000000,0.3732,411500,0.353
1000,1000000,0.3732,412000,0.403
1000,1000000,0.3732,412500,0.356
1000,1000000,0.3732,413000,0.309
1000,1000000,0.3732,413500,0.299
1000,1000000,0.3732,414000,0.356
1000,1000000,0.3732,414500,0.318
1000,1000000,0.3732,415000,0.362
1000,1000000,0.3732,415500,0.235
1000,1000000,0.3732,416000,0.273
1000,1000000,0.3732,416500,0.313
1000,1000000,0.3732,417000,0.291
1000,1000000,0.3732,417500,0.253
1000,1000000,0.3732,418000,0.231
1000,1000000,0.3732,418500,0.305
1000,1000000,0.3732,419000,0.243
1000,1000000,0.3732,419500,0.287
1000,1000000,0.3732,420000,0.226
1000,1000000,0.3732,420500,0.26
1000,1000000,0.3732,421000,0.268
1000,1000000,0.3732,421500,0.272
1000,1000000,0.3732,422000,0.311
1000,1000000,0.3732,422500,0.273
1000,1000000,0.3732,423000,0.293
1000,1000000,0.3732,423500,0.134
1000,1000000,0.3732,424000,0.286
1000,1000000,0.3732,424500,0.398
1000,1000000,0.3732,425000,0.378
1000,1000000,0.3732,425500,0.402
1000,1000000,0.3732,426000,0.319
1000,1000000,0.3732,426500,0.313
1000,1000000,0.3732,427000,0.288
1000,1000000,0.3732,427500,0.43
1000,1000000,0.3732,428000,0.46
1000,1000000,0.3732,428500,0.44
1000,1000000,0.3732,429000,0.486
1000,1000000,0.3732,429500,0.562
1000,1000000,0.3732,430000,0.493
1000,1000000,0.3732,430500,0.455
1000,1000000,0.3732,431000,0.49
1000,1000000,0.3732,431500,0.457
1000,1000000,0.3732,432000,0.262
1000,1000000,0.3732,432500,0.272
1000,1000000,0.3732,433000,0.356
1000,1000000,0.3732,433500,0.347
1000,1000000,0.3732,434000,0.373
1000,1000000,0.3732,434500,0.297
1000,1000000,0.3732,435000,0.245
1000,1000000,0.3732,435500,0.25
1000,1000000,0.3732,436000,0.288
1000,1000000,0.3732,436500,0.287
1000,1000000,0.3732,437000,0.37
1000,1000000,0.3732,437500,0.331
1000,1000000,0.3732,438000,0.392
1000,1000000,0.3732,438500,0.373
1000,1000000,0.3732,439000,0.351
1000,1000000,0.3732,439500,0.3
1000,1000000,0.3732,440000,0.428
1000,1000000,0.3732,440500,0.424
1000,1000000,0.3732,441000,0.437
1000,1000000,0.3732,441500,0.401
1000,1000000,0.3732,442000,0.413
1000,1000000,0.3732,442500,0.414
1000,1000000,0.3732,443000,0.38
1000,1000000,0.3732,443500,0.372
1000,1000000,0.3732,444000,0.386
1000,1000000,0.3732,444500,0.311
1000,1000000,0.3732,445000,0.359
1000,1000000,0.3732,445500,0.472
1000,1000000,0.3732,446000,0.433
1000,1000000,0.3732,446500,0.363
1000,1000000,0.3732,447000,0.271
1000,1000000,0.3732,447500,0.41
1000,1000000,0.3732,448000,0.398
1000,1000000,0.3732,448500,0.481
1000,1000000,0.3732,449000,0.359
1000,1000000,0.3732,449500,0.394
1000,1000000,0.3732,450000,0.398
1000,1000000,0.3732,450500,0.395
1000,1000000,0.3732,451000,0.359
1000,1000000,0.3732,451500,0.277
1000,1000000,0.3732,452000,0.265
1000,1000000,0.3732,452500,0.315
1000,1000000,0.3732,453000,0.223
1000,1000000,0.3732,453500,0.34
1000,1000000,0.3732,454000,0.29
1000,1000000,0.3732,454500,0.231
1000,1000000,0.3732,455000,0.24
1000,1000000,0.3732,455500,0.358
1000,1000000,0.3732,456000,0.399
1000,1000000,0.3732,456500,0.335
1000,1000000,0.3732,457000,0.306
1000,1000000,0.3732,457500,0.397
1000,1000000,0.3732,458000,0.435
1000,1000000,0.3732,458500,0.411
1000,1000000,0.3732,459000,0.398
1000,1000000,0.3732,459500,0.37
1000,1000000,0.3732,460000,0.429
1000,1000000,0.3732,460500,0.43
1000,1000000,0.3732,461000,0.389
1000,1000000,0.3732,461500,0.358
1000,1000000,0.3732,462000,0.446
1000,1000000,0.3732,462500,0.43
1000,1000000,0.3732,463000,0.386
1000,1000000,0.3732,463500,0.483
1000,1000000,0.3732,464000,0.422
1000,1000000,0.3732,464500,0.513
1000,1000000,0.3732,465000,0.468
1000,1000000,0.3732,465500,0.441
1000,1000000,0.3732,466000,0.474
1000,1000000,0.3732,466500,0.411
1000,1000000,0.3732,467000,0.385
1000,1000000,0.3732,467500,0.395
1000,1000000,0.3732,468000,0.403
1000,1000000,0.3732,468500,0.369
1000,1000000,0.3732,469000,0.29
1000,1000000,0.3732,469500,0.243
1000,1000000,0.3732,470000,0.309
1000,1000000,0.3732,470500,0.286
1000,1000000,0.3732,471000,0.281
1000,1000000,0.3732,471500,0.261
1000,1000000,0.3732,472000,0.217
1000,1000000,0.3732,472500,0.308
1000,1000000,0.3732,473000,0.331
1000,1000000,0.3732,473500,0.325
1000,1000000,0.3732,474000,0.297
1000,1000000,0.3732,474500,0.276
1000,1000000,0.3732,475000,0.312
1000,1000000,0.3732,475500,0.355
1000,1000000,0.3732,476000,0.349
1000,1000000,0.3732,476500,0.334
1000,1000000,0.3732,477000,0.331
1000,1000000,0.3732,477500,0.373
1000,1000000,0.3732,478000,0.422
1000,1000000,0.3732,478500,0.516
1000,1000000,0.3732,479000,0.439
1000,1000000,0.3732,479500,0.346
1000,1000000,0.3732,480000,0.302
1000,1000000,0.3732,480500,0.263
1000,1000000,0.3732,481000,0.258
1000,1000000,0.3732,481500,0.279
1000,1000000,0.3732,482000,0.251
1000,1000000,0.3732,482500,0.314
1000,1000000,0.3732,483000,0.299
1000,1000000,0.3732,483500,0.371
1000,1000000,0.3732,484000,0.363
1000,1000000,0.3732,484500,0.318
1000,1000000,0.3732,485000,0.358
1000,1000000,0.3732,485500,0.314
1000,1000000,0.3732,486000,0.28
1000,1000000,0.3732,486500,0.379
1000,1000000,0.3732,487000,0.314
1000,1000000,0.3732,487500,0.337
1000,1000000,0.3732,488000,0.395
1000,1000000,0.3732,488500,0.342
1000,1000000,0.3732,489000,0.354
1000,1000000,0.3732,489500,0.497
1000,1000000,0.3732,490000,0.459
1000,1000000,0.3732,490500,0.508
1000,1000000,0.3732,491000,0.468
1000,1000000,0.3732,491500,0.458
1000,1000000,0.3732,492000,0.419
1000,1000000,0.3732,492500,0.442
1000,1000000,0.3732,493000,0.419
1000,1000000,0.3732,493500,0.448
1000,1000000,0.3732,494000,0.531
1000,1000000,0.3732,494500,0.413
1000,1000000,0.3732,495000,0.374
1000,1000000,0.3732,495500,0.389
1000,1000000,0.3732,496000,0.371
1000,1000000,0.3732,496500,0.425
1000,1000000,0.3732,497000,0.346
1000,1000000,0.3732,497500,0.218
1000,1000000,0.3732,498000,0.292
1000,1000000,0.3732,498500,0.239
1000,1000000,0.3732,499000,0.289
1000,1000000,0.3732,499500,0.33
1000,1000000,0.3732,500000,0.406
1000,1000000,0.3732,500500,0.407
1000,1000000,0.3732,501000,0.387
1000,1000000,0.3732,501500,0.338
1000,1000000,0.3732,502000,0.339
1000,1000000,0.3732,502500,0.377
1000,1000000,0.3732,503000,0.354
1000,1000000,0.3732,503500,0.408
1000,1000000,0.3732,504000,0.34
1000,1000000,0.3732,504500,0.448
1000,1000000,0.3732,505000,0.389
1000,1000000,0.3732,505500,0.395
1000,1000000,0.3732,506000,0.403
1000,1000000,0.3732,506500,0.387
1000,1000000,0.3732,507000,0.349
1000,1000000,0.3732,507500,0.34
1000,1000000,0.3732,508000,0.376
1000,1000000,0.3732,508500,0.377
1000,1000000,0.3732,509000,0.333
1000,1000000,0.3732,509500,0.389
1000,1000000,0.3732,510000,0.419
1000,1000000,0.3732,510500,0.461
1000,1000000,0.3732,511000,0.455
1000,1000000,0.3732,511500,0.388
1000,1000000,0.3732,512000,0.36
1000,1000000,0.3732,512500,0.445
1000,1000000,0.3732,513000,0.49
1000,1000000,0.3732,513500,0.444
1000,1000000,0.3732,514000,0.456
1000,1000000,0.3732,514500,0.448
1000,1000000,0.3732,515000,0.412
1000,1000000,0.3732,515500,0.324
1000,1000000,0.3732,516000,0.292
1000,1000000,0.3732,516500,0.383
1000,1000000,0.3732,517000,0.396
1000,1000000,0.3732,517500,0.424
1000,1000000,0.3732,518000,0.356
1000,1000000,0.3732,518500,0.497
1000,1000000,0.3732,519000,0.445
1000,1000000,0.3732,519500,0.436
1000,1000000,0.3732,520000,0.455
1000,1000000,0.3732,520500,0.462
1000,1000000,0.3732,521000,0.542
1000,1000000,0.3732,521500,0.446
1000,1000000,0.3732,522000,0.476
1000,1000000,0.3732,522500,0.439
1000,1000000,0.3732,523000,0.515
1000,1000000,0.3732,523500,0.482
1000,1000000,0.3732,524000,0.505
1000,1000000,0.3732,524500,0.47
1000,1000000,0.3732,525000,0.507
1000,1000000,0.3732,525500,0.42
1000,1000000,0.3732,526000,0.479
1000,1000000,0.3732,526500,0.384
1000,1000000,0.3732,527000,0.365
1000,1000000,0.3732,527500,0.419
1000,1000000,0.3732,528000,0.386
1000,1000000,0.3732,528500,0.431
1000,1000000,0.3732,529000,0.49
1000,1000000,0.3732,529500,0.412
1000,1000000,0.3732,530000,0.383
1000,1000000,0.3732,530500,0.406
1000,1000000,0.3732,531000,0.429
1000,1000000,0.3732,531500,0.346
1000,1000000,0.3732,532000,0.32
1000,1000000,0.3732,532500,0.424
1000,1000000,0.3732,533000,0.369
1000,1000000,0.3732,533500,0.462
1000,1000000,0.3732,534000,0.488
1000,1000000,0.3732,534500,0.511
1000,1000000,0.3732,535000,0.539
1000,1000000,0.3732,535500,0.43
1000,1000000,0.3732,536000,0.511
1000,1000000,0.3732,536500,0.356
1000,1000000,0.3732,537000,0.3
1000,1000000,0.3732,537500,0.362
1000,1000000,0.3732,538000,0.462
1000,1000000,0.3732,538500,0.389
1000,1000000,0.3732,539000,0.376
1000,1000000,0.3732,539500,0.449
1000,1000000,0.3732,540000,0.363
1000,1000000,0.3732,540500,0.412
1000,1000000,0.3732,541000,0.436
1000,1000000,0.3732,541500,0.425
1000,1000000,0.3732,542000,0.379
1000,1000000,0.3732,542500,0.349
1000,1000000,0.3732,543000,0.47
1000,1000000,0.3732,543500,0.416
1000,1000000,0.3732,544000,0.455
1000,1000000,0.3732,544500,0.431
1000,1000000,0.3732,545000,0.449
1000,1000000,0.3732,545500,0.445
1000,1000000,0.3732,546000,0.549
1000,1000000,0.3732,546500,0.506
1000,1000000,0.3732,547000,0.435
1000,1000000,0.3732,547500,0.486
1000,1000000,0.3732,548000,0.458
1000,1000000,0.3732,548500,0.435
1000,1000000,0.3732,549000,0.464
1000,1000000,0.3732,549500,0.502
1000,1000000,0.3732,550000,0.43
1000,1000000,0.3732,550500,0.336
1000,1000000,0.3732,551000,0.43
1000,1000000,0.3732,551500,0.415
1000,1000000,0.3732,552000,0.325
1000,1000000,0.3732,552500,0.288
1000,1000000,0.3732,553000,0.343
1000,1000000,0.3732,553500,0.457
1000,1000000,0.3732,554000,0.519
1000,1000000,0.3732,554500,0.432
1000,1000000,0.3732,555000,0.349
1000,1000000,0.3732,555500,0.329
1000,1000000,0.3732,556000,0.232
1000,1000000,0.3732,556500,0.264
1000,1000000,0.3732,557000,0.302
1000,1000000,0.3732,557500,0.313
1000,1000000,0.3732,558000,0.474
1000,1000000,0.3732,558500,0.581
1000,1000000,0.3732,559000,0.44
1000,1000000,0.3732,559500,0.449
1000,1000000,0.3732,560000,0.419
1000,1000000,0.3732,560500,0.399
1000,1000000,0.3732,561000,0.477
1000,1000000,0.3732,561500,0.346
1000,1000000,0.3732,562000,0.418
1000,1000000,0.3732,562500,0.504
1000,1000000,0.3732,563000,0.389
1000,1000000,0.3732,563500,0.337
1000,1000000,0.3732,564000,0.372
1000,1000000,0.3732,564500,0.396
1000,1000000,0.3732,565000,0.379
1000,1000000,0.3732,565500,0.449
1000,1000000,0.3732,566000,0.329
1000,1000000,0.3732,566500,0.215
1000,1000000,0.3732,567000,0.221
1000,1000000,0.3732,567500,0.326
1000,1000000,0.3732,568000,0.303
1000,1000000,0.3732,568500,0.272
1000,1000000,0.3732,569000,0.286
1000,1000000,0.3732,569500,0.28
1000,1000000,0.3732,570000,0.353
1000,1000000,0.3732,570500,0.3
1000,1000000,0.3732,571000,0.379
1000,1000000,0.3732,571500,0.34
1000,1000000,0.3732,572000,0.367
1000,1000000,0.3732,572500,0.442
1000,1000000,0.3732,573000,0.433
1000,1000000,0.3732,573500,0.464
1000,1000000,0.3732,574000,0.482
1000,1000000,0.3732,574500,0.543
1000,1000000,0.3732,575000,0.533
1000,1000000,0.3732,575500,0.452
1000,1000000,0.3732,576000,0.568
1000,1000000,0.3732,576500,0.458
1000,1000000,0.3732,577000,0.405
1000,1000000,0.3732,577500,0.419
1000,1000000,0.3732,578000,0.374
1000,1000000,0.3732,578500,0.461
1000,1000000,0.3732,579000,0.414
1000,1000000,0.3732,579500,0.397
1000,1000000,0.3732,580000,0.398
1000,1000000,0.3732,580500,0.383
1000,1000000,0.3732,581000,0.388
1000,1000000,0.3732,581500,0.452
1000,1000000,0.3732,582000,0.496
1000,1000000,0.3732,582500,0.522
1000,1000000,0.3732,583000,0.539
1000,1000000,0.3732,583500,0.485
1000,1000000,0.3732,584000,0.543
1000,1000000,0.3732,584500,0.568
1000,1000000,0.3732,585000,0.39
1000,1000000,0.3732,585500,0.418
1000,1000000,0.3732,586000,0.49
1000,1000000,0.3732,586500,0.513
1000,1000000,0.3732,587000,0.475
1000,1000000,0.3732,587500,0.406
1000,1000000,0.3732,588000,0.41
1000,1000000,0.3732,588500,0.355
1000,1000000,0.3732,589000,0.371
1000,1000000,0.3732,589500,0.306
1000,1000000,0.3732,590000,0.387
1000,1000000,0.3732,590500,0.452
1000,1000000,0.3732,591000,0.372
1000,1000000,0.3732,591500,0.417
1000,1000000,0.3732,592000,0.455
1000,1000000,0.3732,592500,0.544
1000,1000000,0.3732,593000,0.462
1000,1000000,0.3732,593500,0.549
1000,1000000,0.3732,594000,0.481
1000,1000000,0.3732,594500,0.441
1000,1000000,0.3732,595000,0.498
1000,1000000,0.3732,595500,0.612
1000,1000000,0.3732,596000,0.542
1000,1000000,0.3732,596500,0.543
1000,1000000,0.3732,597000,0.384
1000,1000000,0.3732,597500,0.443
1000,1000000,0.3732,598000,0.482
1000,1000000,0.3732,598500,0.456
1000,1000000,0.3732,599000,0.386
1000,1000000,0.3732,599500,0.37
1000,1000000,0.3732,600000,0.336
1000,1000000,0.3732,600500,0.392
1000,1000000,0.3732,601000,0.37
1000,1000000,0.3732,601500,0.377
1000,1000000,0.3732,602000,0.317
1000,1000000,0.3732,602500,0.334
1000,1000000,0.3732,603000,0.4
1000,1000000,0.3732,603500,0.312
1000,1000000,0.3732,604000,0.355
1000,1000000,0.3732,604500,0.289
1000,1000000,0.3732,605000,0.331
1000,1000000,0.3732,605500,0.266
1000,1000000,0.3732,606000,0.305
1000,1000000,0.3732,606500,0.349
1000,1000000,0.3732,607000,0.345
1000,1000000,0.3732,607500,0.377
1000,1000000,0.3732,608000,0.508
1000,1000000,0.3732,608500,0.523
1000,1000000,0.3732,609000,0.314
1000,1000000,0.3732,609500,0.387
1000,1000000,0.3732,610000,0.416
1000,1000000,0.3732,610500,0.325
1000,1000000,0.3732,611000,0.533
1000,1000000,0.3732,611500,0.453
1000,1000000,0.3732,612000,0.531
1000,1000000,0.3732,612500,0.502
1000,1000000,0.3732,613000,0.529
1000,1000000,0.3732,613500,0.49
1000,1000000,0.3732,614000,0.453
1000,1000000,0.3732,614500,0.532
1000,1000000,0.3732,615000,0.529
1000,1000000,0.3732,615500,0.543
1000,1000000,0.3732,616000,0.423
1000,1000000,0.3732,616500,0.371
1000,1000000,0.3732,617000,0.352
1000,1000000,0.3732,617500,0.386
1000,1000000,0.3732,618000,0.467
1000,1000000,0.3732,618500,0.356
1000,1000000,0.3732,619000,0.412
1000,1000000,0.3732,619500,0.448
1000,1000000,0.3732,620000,0.429
1000,1000000,0.3732,620500,0.494
1000,1000000,0.3732,621000,0.472
1000,1000000,0.3732,621500,0.361
1000,1000000,0.3732,622000,0.411
1000,1000000,0.3732,622500,0.428
1000,1000000,0.3732,623000,0.358
1000,1000000,0.3732,623500,0.431
1000,1000000,0.3732,624000,0.385
1000,1000000,0.3732,624500,0.539
1000,1000000,0.3732,625000,0.452
1000,1000000,0.3732,625500,0.414
1000,1000000,0.3732,626000,0.387
1000,1000000,0.3732,626500,0.431
1000,1000000,0.3732,627000,0.452
1000,1000000,0.3732,627500,0.31
1000,1000000,0.3732,628000,0.387
1000,1000000,0.3732,628500,0.366
1000,1000000,0.3732,629000,0.469
1000,1000000,0.3732,629500,0.354
1000,1000000,0.3732,630000,0.334
1000,1000000,0.3732,630500,0.295
1000,1000000,0.3732,631000,0.355
1000,1000000,0.3732,631500,0.365
1000,1000000,0.3732,632000,0.478
1000,1000000,0.3732,632500,0.436
1000,1000000,0.3732,633000,0.27
1000,1000000,0.3732,633500,0.321
1000,1000000,0.3732,634000,0.336
1000,1000000,0.3732,634500,0.217
1000,1000000,0.3732,635000,0.325
1000,1000000,0.3732,635500,0.337
1000,1000000,0.3732,636000,0.4
1000,1000000,0.3732,636500,0.346
1000,1000000,0.3732,637000,0.407
1000,1000000,0.3732,637500,0.295
1000,1000000,0.3732,638000,0.303
1000,1000000,0.3732,638500,0.407
1000,1000000,0.3732,639000,0.377
1000,1000000,0.3732,639500,0.492
1000,1000000,0.3732,640000,0.381
1000,1000000,0.3732,640500,0.443
1000,1000000,0.3732,641000,0.51
1000,1000000,0.3732,641500,0.494
1000,1000000,0.3732,642000,0.448
1000,1000000,0.3732,642500,0.483
1000,1000000,0.3732,643000,0.384
1000,1000000,0.3732,643500,0.307
1000,1000000,0.3732,644000,0.419
1000,1000000,0.3732,644500,0.381
1000,1000000,0.3732,645000,0.362
1000,1000000,0.3732,645500,0.419
1000,1000000,0.3732,646000,0.414
1000,1000000,0.3732,646500,0.427
1000,1000000,0.3732,647000,0.264
1000,1000000,0.3732,647500,0.383
1000,1000000,0.3732,648000,0.448
1000,1000000,0.3732,648500,0.36
1000,1000000,0.3732,649000,0.316
1000,1000000,0.3732,649500,0.368
1000,1000000,0.3732,650000,0.453
1000,1000000,0.3732,650500,0.428
1000,1000000,0.3732,651000,0.42
1000,1000000,0.3732,651500,0.31
1000,1000000,0.3732,652000,0.371
1000,1000000,0.3732,652500,0.291
1000,1000000,0.3732,653000,0.284
1000,1000000,0.3732,653500,0.296
1000,1000000,0.3732,654000,0.364
1000,1000000,0.3732,654500,0.444
1000,1000000,0.3732,655000,0.398
1000,1000000,0.3732,655500,0.395
1000,1000000,0.3732,656000,0.432
1000,1000000,0.3732,656500,0.395
1000,1000000,0.3732,657000,0.439
1000,1000000,0.3732,657500,0.41
1000,1000000,0.3732,658000,0.477
1000,1000000,0.3732,658500,0.463
1000,1000000,0.3732,659000,0.478
1000,1000000,0.3732,659500,0.448
1000,1000000,0.3732,660000,0.426
1000,1000000,0.3732,660500,0.495
1000,1000000,0.3732,661000,0.554
1000,1000000,0.3732,661500,0.418
1000,1000000,0.3732,662000,0.41
1000,1000000,0.3732,662500,0.427
1000,1000000,0.3732,663000,0.413
1000,1000000,0.3732,663500,0.312
1000,1000000,0.3732,664000,0.355
1000,1000000,0.3732,664500,0.418
1000,1000000,0.3732,665000,0.431
1000,1000000,0.3732,665500,0.45
1000,1000000,0.3732,666000,0.506
1000,1000000,0.3732,666500,0.458
1000,1000000,0.3732,667000,0.44
1000,1000000,0.3732,667500,0.469
1000,1000000,0.3732,668000,0.412
1000,1000000,0.3732,668500,0.444
1000,1000000,0.3732,669000,0.48
1000,1000000,0.3732,669500,0.436
1000,1000000,0.3732,670000,0.508
1000,1000000,0.3732,670500,0.483
1000,1000000,0.3732,671000,0.358
1000,1000000,0.3732,671500,0.397
1000,1000000,0.3732,672000,0.404
1000,1000000,0.3732,672500,0.39
1000,1000000,0.3732,673000,0.382
1000,1000000,0.3732,673500,0.35
1000,1000000,0.3732,674000,0.275
1000,1000000,0.3732,674500,0.266
1000,1000000,0.3732,675000,0.314
1000,1000000,0.3732,675500,0.27
1000,1000000,0.3732,676000,0.34
1000,1000000,0.3732,676500,0.419
1000,1000000,0.3732,677000,0.436
1000,1000000,0.3732,677500,0.402
1000,1000000,0.3732,678000,0.465
1000,1000000,0.3732,678500,0.381
1000,1000000,0.3732,679000,0.335
1000,1000000,0.3732,679500,0.296
1000,1000000,0.3732,680000,0.303
1000,1000000,0.3732,680500,0.375
1000,1000000,0.3732,681000,0.457
1000,1000000,0.3732,681500,0.378
1000,1000000,0.3732,682000,0.346
1000,1000000,0.3732,682500,0.379
1000,1000000,0.3732,683000,0.314
1000,1000000,0.3732,683500,0.414
1000,1000000,0.3732,684000,0.38
1000,1000000,0.3732,684500,0.3
1000,1000000,0.3732,685000,0.328
1000,1000000,0.3732,685500,0.328
1000,1000000,0.3732,686000,0.296
1000,1000000,0.3732,686500,0.444
1000,1000000,0.3732,687000,0.346
1000,1000000,0.3732,687500,0.321
1000,1000000,0.3732,688000,0.325
1000,1000000,0.3732,688500,0.408
1000,1000000,0.3732,689000,0.383
1000,1000000,0.3732,689500,0.389
1000,1000000,0.3732,690000,0.34
1000,1000000,0.3732,690500,0.422
1000,1000000,0.3732,691000,0.434
1000,1000000,0.3732,691500,0.447
1000,1000000,0.3732,692000,0.549
1000,1000000,0.3732,692500,0.469
1000,1000000,0.3732,693000,0.418
1000,1000000,0.3732,693500,0.547
1000,1000000,0.3732,694000,0.449
1000,1000000,0.3732,694500,0.499
1000,1000000,0.3732,695000,0.485
1000,1000000,0.3732,695500,0.498
1000,1000000,0.3732,696000,0.515
1000,1000000,0.3732,696500,0.487
1000,1000000,0.3732,697000,0.457
1000,1000000,0.3732,697500,0.479
1000,1000000,0.3732,698000,0.531
1000,1000000,0.3732,698500,0.459
1000,1000000,0.3732,699000,0.475
1000,1000000,0.3732,699500,0.425
1000,1000000,0.3732,700000,0.478
1000,1000000,0.3732,700500,0.331
1000,1000000,0.3732,701000,0.397
1000,1000000,0.3732,701500,0.35
1000,1000000,0.3732,702000,0.382
1000,1000000,0.3732,702500,0.434
1000,1000000,0.3732,703000,0.338
1000,1000000,0.3732,703500,0.338
1000,1000000,0.3732,704000,0.249
1000,1000000,0.3732,704500,0.228
1000,1000000,0.3732,705000,0.357
1000,1000000,0.3732,705500,0.371
1000,1000000,0.3732,706000,0.387
1000,1000000,0.3732,706500,0.366
1000,1000000,0.3732,707000,0.467
1000,1000000,0.3732,707500,0.507
1000,1000000,0.3732,708000,0.455
1000,1000000,0.3732,708500,0.41
1000,1000000,0.3732,709000,0.291
1000,1000000,0.3732,709500,0.354
1000,1000000,0.3732,710000,0.394
1000,1000000,0.3732,710500,0.43
1000,1000000,0.3732,711000,0.475
1000,1000000,0.3732,711500,0.454
1000,1000000,0.3732,712000,0.38
1000,1000000,0.3732,712500,0.334
1000,1000000,0.3732,713000,0.293
1000,1000000,0.3732,713500,0.388
1000,1000000,0.3732,714000,0.379
1000,1000000,0.3732,714500,0.361
1000,1000000,0.3732,715000,0.374
1000,1000000,0.3732,715500,0.332
1000,1000000,0.3732,716000,0.317
1000,1000000,0.3732,716500,0.268
1000,1000000,0.3732,717000,0.327
1000,1000000,0.3732,717500,0.346
1000,1000000,0.3732,718000,0.445
1000,1000000,0.3732,718500,0.437
1000,1000000,0.3732,719000,0.301
1000,1000000,0.3732,719500,0.274
1000,1000000,0.3732,720000,0.307
1000,1000000,0.3732,720500,0.307
1000,1000000,0.3732,721000,0.222
1000,1000000,0.3732,721500,0.279
1000,1000000,0.3732,722000,0.363
1000,1000000,0.3732,722500,0.323
1000,1000000,0.3732,723000,0.303
1000,1000000,0.3732,723500,0.373
1000,1000000,0.3732,724000,0.297
1000,1000000,0.3732,724500,0.324
1000,1000000,0.3732,725000,0.393
1000,1000000,0.3732,725500,0.397
1000,1000000,0.3732,726000,0.373
1000,1000000,0.3732,726500,0.334
1000,1000000,0.3732,727000,0.348
1000,1000000,0.3732,727500,0.353
1000,1000000,0.3732,728000,0.364
1000,1000000,0.3732,728500,0.371
1000,1000000,0.3732,729000,0.279
1000,1000000,0.3732,729500,0.322
1000,1000000,0.3732,730000,0.35
1000,1000000,0.3732,730500,0.459
1000,1000000,0.3732,731000,0.455
1000,1000000,0.3732,731500,0.384
1000,1000000,0.3732,732000,0.307
1000,1000000,0.3732,732500,0.335
1000,1000000,0.3732,733000,0.394
1000,1000000,0.3732,733500,0.505
1000,1000000,0.3732,734000,0.465
1000,1000000,0.3732,734500,0.479
1000,1000000,0.3732,735000,0.463
1000,1000000,0.3732,735500,0.376
1000,1000000,0.3732,736000,0.416
1000,1000000,0.3732,736500,0.485
1000,1000000,0.3732,737000,0.409
1000,1000000,0.3732,737500,0.468
1000,1000000,0.3732,738000,0.447
1000,1000000,0.3732,738500,0.494
1000,1000000,0.3732,739000,0.502
1000,1000000,0.3732,739500,0.462
1000,1000000,0.3732,740000,0.4
1000,1000000,0.3732,740500,0.434
1000,1000000,0.3732,741000,0.319
1000,1000000,0.3732,741500,0.416
1000,1000000,0.3732,742000,0.403
1000,1000000,0.3732,742500,0.341
1000,1000000,0.3732,743000,0.439
1000,1000000,0.3732,743500,0.426
1000,1000000,0.3732,744000,0.551
1000,1000000,0.3732,744500,0.448
1000,1000000,0.3732,745000,0.475
1000,1000000,0.3732,745500,0.372
1000,1000000,0.3732,746000,0.301
1000,1000000,0.3732,746500,0.394
1000,1000000,0.3732,747000,0.385
1000,1000000,0.3732,747500,0.42
1000,1000000,0.3732,748000,0.424
1000,1000000,0.3732,748500,0.38
1000,1000000,0.3732,749000,0.419
1000,1000000,0.3732,749500,0.354
1000,1000000,0.3732,750000,0.393
1000,1000000,0.3732,750500,0.206
1000,1000000,0.3732,751000,0.232
1000,1000000,0.3732,751500,0.336
1000,1000000,0.3732,752000,0.405
1000,1000000,0.3732,752500,0.463
1000,1000000,0.3732,753000,0.478
1000,1000000,0.3732,753500,0.437
1000,1000000,0.3732,754000,0.456
1000,1000000,0.3732,754500,0.355
1000,1000000,0.3732,755000,0.344
1000,1000000,0.3732,755500,0.345
1000,1000000,0.3732,756000,0.323
1000,1000000,0.3732,756500,0.35
1000,1000000,0.3732,757000,0.351
1000,1000000,0.3732,757500,0.382
1000,1000000,0.3732,758000,0.346
1000,1000000,0.3732,758500,0.433
1000,1000000,0.3732,759000,0.482
1000,1000000,0.3732,759500,0.415
1000,1000000,0.3732,760000,0.548
1000,1000000,0.3732,760500,0.534
1000,1000000,0.3732,761000,0.476
1000,1000000,0.3732,761500,0.401
1000,1000000,0.3732,762000,0.475
1000,1000000,0.3732,762500,0.413
1000,1000000,0.3732,763000,0.508
1000,1000000,0.3732,763500,0.423
1000,1000000,0.3732,764000,0.428
1000,1000000,0.3732,764500,0.443
1000,1000000,0.3732,765000,0.423
1000,1000000,0.3732,765500,0.365
1000,1000000,0.3732,766000,0.336
1000,1000000,0.3732,766500,0.461
1000,1000000,0.3732,767000,0.363
1000,1000000,0.3732,767500,0.238
1000,1000000,0.3732,768000,0.249
1000,1000000,0.3732,768500,0.35
1000,1000000,0.3732,769000,0.313
1000,1000000,0.3732,769500,0.275
1000,1000000,0.3732,770000,0.312
1000,1000000,0.3732,770500,0.351
1000,1000000,0.3732,771000,0.223
1000,1000000,0.3732,771500,0.302
1000,1000000,0.3732,772000,0.364
1000,1000000,0.3732,772500,0.309
1000,1000000,0.3732,773000,0.291
1000,1000000,0.3732,773500,0.321
1000,1000000,0.3732,774000,0.383
1000,1000000,0.3732,774500,0.351
1000,1000000,0.3732,775000,0.361
1000,1000000,0.3732,775500,0.401
1000,1000000,0.3732,776000,0.401
1000,1000000,0.3732,776500,0.544
1000,1000000,0.3732,777000,0.404
1000,1000000,0.3732,777500,0.434
1000,1000000,0.3732,778000,0.365
1000,1000000,0.3732,778500,0.389
1000,1000000,0.3732,779000,0.44
1000,1000000,0.3732,779500,0.343
1000,1000000,0.3732,780000,0.395
1000,1000000,0.3732,780500,0.496
1000,1000000,0.3732,781000,0.493
1000,1000000,0.3732,781500,0.471
1000,1000000,0.3732,782000,0.497
1000,1000000,0.3732,782500,0.523
1000,1000000,0.3732,783000,0.403
1000,1000000,0.3732,783500,0.423
1000,1000000,0.3732,784000,0.496
1000,1000000,0.3732,784500,0.461
1000,1000000,0.3732,785000,0.558
1000,1000000,0.3732,785500,0.588
1000,1000000,0.3732,786000,0.511
1000,1000000,0.3732,786500,0.432
1000,1000000,0.3732,787000,0.438
1000,1000000,0.3732,787500,0.423
1000,1000000,0.3732,788000,0.379
1000,1000000,0.3732,788500,0.411
1000,1000000,0.3732,789000,0.384
1000,1000000,0.3732,789500,0.413
1000,1000000,0.3732,790000,0.384
1000,1000000,0.3732,790500,0.317
1000,1000000,0.3732,791000,0.355
1000,1000000,0.3732,791500,0.402
1000,1000000,0.3732,792000,0.371
1000,1000000,0.3732,792500,0.469
1000,1000000,0.3732,793000,0.469
1000,1000000,0.3732,793500,0.48
1000,1000000,0.3732,794000,0.411
1000,1000000,0.3732,794500,0.332
1000,1000000,0.3732,795000,0.331
1000,1000000,0.3732,795500,0.437
1000,1000000,0.3732,796000,0.363
1000,1000000,0.3732,796500,0.316
1000,1000000,0.3732,797000,0.319
1000,1000000,0.3732,797500,0.341
1000,1000000,0.3732,798000,0.263
1000,1000000,0.3732,798500,0.375
1000,1000000,0.3732,799000,0.408
1000,1000000,0.3732,799500,0.282
1000,1000000,0.3732,800000,0.285
1000,1000000,0.3732,800500,0.343
1000,1000000,0.3732,801000,0.26
1000,1000000,0.3732,801500,0.31
1000,1000000,0.3732,802000,0.49
1000,1000000,0.3732,802500,0.384
1000,1000000,0.3732,803000,0.315
1000,1000000,0.3732,803500,0.34
1000,1000000,0.3732,804000,0.255
1000,1000000,0.3732,804500,0.332
1000,1000000,0.3732,805000,0.346
1000,1000000,0.3732,805500,0.323
1000,1000000,0.3732,806000,0.378
1000,1000000,0.3732,806500,0.367
1000,1000000,0.3732,807000,0.509
1000,1000000,0.3732,807500,0.425
1000,1000000,0.3732,808000,0.49
1000,1000000,0.3732,808500,0.383
1000,1000000,0.3732,809000,0.56
1000,1000000,0.3732,809500,0.551
1000,1000000,0.3732,810000,0.43
1000,1000000,0.3732,810500,0.503
1000,1000000,0.3732,811000,0.497
1000,1000000,0.3732,811500,0.531
1000,1000000,0.3732,812000,0.543
1000,1000000,0.3732,812500,0.517
1000,1000000,0.3732,813000,0.549
1000,1000000,0.3732,813500,0.567
1000,1000000,0.3732,814000,0.533
1000,1000000,0.3732,814500,0.495
1000,1000000,0.3732,815000,0.451
1000,1000000,0.3732,815500,0.418
1000,1000000,0.3732,816000,0.438
1000,1000000,0.3732,816500,0.549
1000,1000000,0.3732,817000,0.55
1000,1000000,0.3732,817500,0.462
1000,1000000,0.3732,818000,0.511
1000,1000000,0.3732,818500,0.423
1000,1000000,0.3732,819000,0.305
1000,1000000,0.3732,819500,0.277
1000,1000000,0.3732,820000,0.349
1000,1000000,0.3732,820500,0.476
1000,1000000,0.3732,821000,0.484
1000,1000000,0.3732,821500,0.429
1000,1000000,0.3732,822000,0.607
1000,1000000,0.3732,822500,0.593
1000,1000000,0.3732,823000,0.475
1000,1000000,0.3732,823500,0.491
1000,1000000,0.3732,824000,0.46
1000,1000000,0.3732,824500,0.469
1000,1000000,0.3732,825000,0.496
1000,1000000,0.3732,825500,0.495
1000,1000000,0.3732,826000,0.448
1000,1000000,0.3732,826500,0.498
1000,1000000,0.3732,827000,0.452
1000,1000000,0.3732,827500,0.455
1000,1000000,0.3732,828000,0.422
1000,1000000,0.3732,828500,0.461
1000,1000000,0.3732,829000,0.561
1000,1000000,0.3732,829500,0.4
1000,1000000,0.3732,830000,0.463
1000,1000000,0.3732,830500,0.384
1000,1000000,0.3732,831000,0.424
1000,1000000,0.3732,831500,0.416
1000,1000000,0.3732,832000,0.321
1000,1000000,0.3732,832500,0.356
1000,1000000,0.3732,833000,0.404
1000,1000000,0.3732,833500,0.417
1000,1000000,0.3732,834000,0.372
1000,1000000,0.3732,834500,0.375
1000,1000000,0.3732,835000,0.436
1000,1000000,0.3732,835500,0.385
1000,1000000,0.3732,836000,0.351
1000,1000000,0.3732,836500,0.363
1000,1000000,0.3732,837000,0.391
1000,1000000,0.3732,837500,0.424
1000,1000000,0.3732,838000,0.484
1000,1000000,0.3732,838500,0.481
1000,1000000,0.3732,839000,0.437
1000,1000000,0.3732,839500,0.525
1000,1000000,0.3732,840000,0.409
1000,1000000,0.3732,840500,0.444
1000,1000000,0.3732,841000,0.437
1000,1000000,0.3732,841500,0.547
1000,1000000,0.3732,842000,0.593
1000,1000000,0.3732,842500,0.513
1000,1000000,0.3732,843000,0.381
1000,1000000,0.3732,843500,0.507
1000,1000000,0.3732,844000,0.539
1000,1000000,0.3732,844500,0.426
1000,1000000,0.3732,845000,0.426
1000,1000000,0.3732,845500,0.49
1000,1000000,0.3732,846000,0.431
1000,1000000,0.3732,846500,0.376
1000,1000000,0.3732,847000,0.343
1000,1000000,0.3732,847500,0.418
1000,1000000,0.3732,848000,0.373
1000,1000000,0.3732,848500,0.362
1000,1000000,0.3732,849000,0.302
1000,1000000,0.3732,849500,0.397
1000,1000000,0.3732,850000,0.502
1000,1000000,0.3732,850500,0.466
1000,1000000,0.3732,851000,0.476
1000,1000000,0.3732,851500,0.38
1000,1000000,0.3732,852000,0.353
1000,1000000,0.3732,852500,0.424
1000,1000000,0.3732,853000,0.488
1000,1000000,0.3732,853500,0.405
1000,1000000,0.3732,854000,0.44
1000,1000000,0.3732,854500,0.521
1000,1000000,0.3732,855000,0.405
1000,1000000,0.3732,855500,0.39
1000,1000000,0.3732,856000,0.388
1000,1000000,0.3732,856500,0.542
1000,1000000,0.3732,857000,0.387
1000,1000000,0.3732,857500,0.387
1000,1000000,0.3732,858000,0.264
1000,1000000,0.3732,858500,0.221
1000,1000000,0.3732,859000,0.237
1000,1000000,0.3732,859500,0.277
1000,1000000,0.3732,860000,0.267
1000,1000000,0.3732,860500,0.348
1000,1000000,0.3732,861000,0.24
1000,1000000,0.3732,861500,0.249
1000,1000000,0.3732,862000,0.36
1000,1000000,0.3732,862500,0.349
1000,1000000,0.3732,863000,0.296
1000,1000000,0.3732,863500,0.248
1000,1000000,0.3732,864000,0.256
1000,1000000,0.3732,864500,0.358
1000,1000000,0.3732,865000,0.415
1000,1000000,0.3732,865500,0.397
1000,1000000,0.3732,866000,0.464
1000,1000000,0.3732,866500,0.343
1000,1000000,0.3732,867000,0.402
1000,1000000,0.3732,867500,0.552
1000,1000000,0.3732,868000,0.421
1000,1000000,0.3732,868500,0.456
1000,1000000,0.3732,869000,0.423
1000,1000000,0.3732,869500,0.475
1000,1000000,0.3732,870000,0.537
1000,1000000,0.3732,870500,0.518
1000,1000000,0.3732,871000,0.469
1000,1000000,0.3732,871500,0.53
1000,1000000,0.3732,872000,0.467
1000,1000000,0.3732,872500,0.31
1000,1000000,0.3732,873000,0.432
1000,1000000,0.3732,873500,0.341
1000,1000000,0.3732,874000,0.324
1000,1000000,0.3732,874500,0.242
1000,1000000,0.3732,875000,0.206
1000,1000000,0.3732,875500,0.152
1000,1000000,0.3732,876000,0.234
1000,1000000,0.3732,876500,0.263
1000,1000000,0.3732,877000,0.231
1000,1000000,0.3732,877500,0.192
1000,1000000,0.3732,878000,0.314
1000,1000000,0.3732,878500,0.391
1000,1000000,0.3732,879000,0.313
1000,1000000,0.3732,879500,0.347
1000,1000000,0.3732,880000,0.311
1000,1000000,0.3732,880500,0.355
1000,1000000,0.3732,881000,0.421
1000,1000000,0.3732,881500,0.353
1000,1000000,0.3732,882000,0.374
1000,1000000,0.3732,882500,0.306
1000,1000000,0.3732,883000,0.298
1000,1000000,0.3732,883500,0.342
1000,1000000,0.3732,884000,0.318
1000,1000000,0.3732,884500,0.296
1000,1000000,0.3732,885000,0.362
1000,1000000,0.3732,885500,0.339
1000,1000000,0.3732,886000,0.294
1000,1000000,0.3732,886500,0.371
1000,1000000,0.3732,887000,0.427
1000,1000000,0.3732,887500,0.423
1000,1000000,0.3732,888000,0.42
1000,1000000,0.3732,888500,0.344
1000,1000000,0.3732,889000,0.257
1000,1000000,0.3732,889500,0.278
1000,1000000,0.3732,890000,0.239
1000,1000000,0.3732,890500,0.231
1000,1000000,0.3732,891000,0.253
1000,1000000,0.3732,891500,0.293
1000,1000000,0.3732,892000,0.327
1000,1000000,0.3732,892500,0.31
1000,1000000,0.3732,893000,0.304
1000,1000000,0.3732,893500,0.367
1000,1000000,0.3732,894000,0.435
1000,1000000,0.3732,894500,0.414
1000,1000000,0.3732,895000,0.342
1000,1000000,0.3732,895500,0.385
1000,1000000,0.3732,896000,0.417
1000,1000000,0.3732,896500,0.447
1000,1000000,0.3732,897000,0.413
1000,1000000,0.3732,897500,0.337
1000,1000000,0.3732,898000,0.466
1000,1000000,0.3732,898500,0.45
1000,1000000,0.3732,899000,0.406
1000,1000000,0.3732,899500,0.385
1000,1000000,0.3732,900000,0.418
1000,1000000,0.3732,900500,0.367
1000,1000000,0.3732,901000,0.39
1000,1000000,0.3732,901500,0.448
1000,1000000,0.3732,902000,0.33
1000,1000000,0.3732,902500,0.308
1000,1000000,0.3732,903000,0.369
1000,1000000,0.3732,903500,0.365
1000,1000000,0.3732,904000,0.317
1000,1000000,0.3732,904500,0.437
1000,1000000,0.3732,905000,0.447
1000,1000000,0.3732,905500,0.416
1000,1000000,0.3732,906000,0.478
1000,1000000,0.3732,906500,0.345
1000,1000000,0.3732,907000,0.32
1000,1000000,0.3732,907500,0.399
1000,1000000,0.3732,908000,0.296
1000,1000000,0.3732,908500,0.278
1000,1000000,0.3732,909000,0.347
1000,1000000,0.3732,909500,0.324
1000,1000000,0.3732,910000,0.393
1000,1000000,0.3732,910500,0.416
1000,1000000,0.3732,911000,0.403
1000,1000000,0.3732,911500,0.31
1000,1000000,0.3732,912000,0.32
1000,1000000,0.3732,912500,0.308
1000,1000000,0.3732,913000,0.339
1000,1000000,0.3732,913500,0.384
1000,1000000,0.3732,914000,0.368
1000,1000000,0.3732,914500,0.366
1000,1000000,0.3732,915000,0.308
1000,1000000,0.3732,915500,0.497
1000,1000000,0.3732,916000,0.345
1000,1000000,0.3732,916500,0.394
1000,1000000,0.3732,917000,0.495
1000,1000000,0.3732,917500,0.405
1000,1000000,0.3732,918000,0.477
1000,1000000,0.3732,918500,0.415
1000,1000000,0.3732,919000,0.501
1000,1000000,0.3732,919500,0.492
1000,1000000,0.3732,920000,0.485
1000,1000000,0.3732,920500,0.357
1000,1000000,0.3732,921000,0.389
1000,1000000,0.3732,921500,0.482
1000,1000000,0.3732,922000,0.474
1000,1000000,0.3732,922500,0.508
1000,1000000,0.3732,923000,0.442
1000,1000000,0.3732,923500,0.406
1000,1000000,0.3732,924000,0.434
1000,1000000,0.3732,924500,0.449
1000,1000000,0.3732,925000,0.499
1000,1000000,0.3732,925500,0.428
1000,1000000,0.3732,926000,0.452
1000,1000000,0.3732,926500,0.446
1000,1000000,0.3732,927000,0.454
1000,1000000,0.3732,927500,0.375
1000,1000000,0.3732,928000,0.426
1000,1000000,0.3732,928500,0.444
1000,1000000,0.3732,929000,0.349
1000,1000000,0.3732,929500,0.427
1000,1000000,0.3732,930000,0.295
1000,1000000,0.3732,930500,0.377
1000,1000000,0.3732,931000,0.418
1000,1000000,0.3732,931500,0.512
1000,1000000,0.3732,932000,0.484
1000,1000000,0.3732,932500,0.446
1000,1000000,0.3732,933000,0.436
1000,1000000,0.3732,933500,0.377
1000,1000000,0.3732,934000,0.284
1000,1000000,0.3732,934500,0.288
1000,1000000,0.3732,935000,0.265
1000,1000000,0.3732,935500,0.389
1000,1000000,0.3732,936000,0.281
1000,1000000,0.3732,936500,0.25
1000,1000000,0.3732,937000,0.284
1000,1000000,0.3732,937500,0.404
1000,1000000,0.3732,938000,0.355
1000,1000000,0.3732,938500,0.356
1000,1000000,0.3732,939000,0.354
1000,1000000,0.3732,939500,0.312
1000,1000000,0.3732,940000,0.408
1000,1000000,0.3732,940500,0.33
1000,1000000,0.3732,941000,0.421
1000,1000000,0.3732,941500,0.335
1000,1000000,0.3732,942000,0.387
1000,1000000,0.3732,942500,0.36
1000,1000000,0.3732,943000,0.418
1000,1000000,0.3732,943500,0.381
1000,1000000,0.3732,944000,0.458
1000,1000000,0.3732,944500,0.528
1000,1000000,0.3732,945000,0.389
1000,1000000,0.3732,945500,0.509
1000,1000000,0.3732,946000,0.581
1000,1000000,0.3732,946500,0.541
1000,1000000,0.3732,947000,0.494
1000,1000000,0.3732,947500,0.494
1000,1000000,0.3732,948000,0.409
1000,1000000,0.3732,948500,0.341
1000,1000000,0.3732,949000,0.334
1000,1000000,0.3732,949500,0.438
1000,1000000,0.3732,950000,0.356
1000,1000000,0.3732,950500,0.393
1000,1000000,0.3732,951000,0.466
1000,1000000,0.3732,951500,0.407
1000,1000000,0.3732,952000,0.485
1000,1000000,0.3732,952500,0.367
1000,1000000,0.3732,953000,0.487
1000,1000000,0.3732,953500,0.393
1000,1000000,0.3732,954000,0.364
1000,1000000,0.3732,954500,0.49
1000,1000000,0.3732,955000,0.489
1000,1000000,0.3732,955500,0.331
1000,1000000,0.3732,956000,0.409
1000,1000000,0.3732,956500,0.483
1000,1000000,0.3732,957000,0.513
1000,1000000,0.3732,957500,0.391
1000,1000000,0.3732,958000,0.429
1000,1000000,0.3732,958500,0.434
1000,1000000,0.3732,959000,0.382
1000,1000000,0.3732,959500,0.362
1000,1000000,0.3732,960000,0.387
1000,1000000,0.3732,960500,0.488
1000,1000000,0.3732,961000,0.513
1000,1000000,0.3732,961500,0.433
1000,1000000,0.3732,962000,0.395
1000,1000000,0.3732,962500,0.304
1000,1000000,0.3732,963000,0.343
1000,1000000,0.3732,963500,0.319
1000,1000000,0.3732,964000,0.467
1000,1000000,0.3732,964500,0.477
1000,1000000,0.3732,965000,0.404
1000,1000000,0.3732,965500,0.392
1000,1000000,0.3732,966000,0.477
1000,1000000,0.3732,966500,0.462
1000,1000000,0.3732,967000,0.424
1000,1000000,0.3732,967500,0.364
1000,1000000,0.3732,968000,0.348
1000,1000000,0.3732,968500,0.323
1000,1000000,0.3732,969000,0.38
1000,1000000,0.3732,969500,0.343
1000,1000000,0.3732,970000,0.415
1000,1000000,0.3732,970500,0.33
1000,1000000,0.3732,971000,0.425
1000,1000000,0.3732,971500,0.424
1000,1000000,0.3732,972000,0.414
1000,1000000,0.3732,972500,0.387
1000,1000000,0.3732,973000,0.439
1000,1000000,0.3732,973500,0.422
1000,1000000,0.3732,974000,0.48
1000,1000000,0.3732,974500,0.523
1000,1000000,0.3732,975000,0.456
1000,1000000,0.3732,975500,0.45
1000,1000000,0.3732,976000,0.493
1000,1000000,0.3732,976500,0.455
1000,1000000,0.3732,977000,0.499
1000,1000000,0.3732,977500,0.563
1000,1000000,0.3732,978000,0.443
1000,1000000,0.3732,978500,0.404
1000,1000000,0.3732,979000,0.454
1000,1000000,0.3732,979500,0.453
1000,1000000,0.3732,980000,0.508
1000,1000000,0.3732,980500,0.493
1000,1000000,0.3732,981000,0.535
1000,1000000,0.3732,981500,0.494
1000,1000000,0.3732,982000,0.558
1000,1000000,0.3732,982500,0.51
1000,1000000,0.3732,983000,0.408
1000,1000000,0.3732,983500,0.44
1000,1000000,0.3732,984000,0.449
1000,1000000,0.3732,984500,0.353
1000,1000000,0.3732,985000,0.442
1000,1000000,0.3732,985500,0.374
1000,1000000,0.3732,986000,0.454
1000,1000000,0.3732,986500,0.488
1000,1000000,0.3732,987000,0.492
1000,1000000,0.3732,987500,0.316
1000,1000000,0.3732,988000,0.362
1000,1000000,0.3732,988500,0.398
1000,1000000,0.3732,989000,0.286
1000,1000000,0.3732,989500,0.237
1000,1000000,0.3732,990000,0.36
1000,1000000,0.3732,990500,0.305
1000,1000000,0.3732,991000,0.348
1000,1000000,0.3732,991500,0.302
1000,1000000,0.3732,992000,0.328
1000,1000000,0.3732,992500,0.326
1000,1000000,0.3732,993000,0.209
1000,1000000,0.3732,993500,0.234
1000,1000000,0.3732,994000,0.258
1000,1000000,0.3732,994500,0.233
1000,1000000,0.3732,995000,0.254
1000,1000000,0.3732,995500,0.236
1000,1000000,0.3732,996000,0.216
1000,1000000,0.3732,996500,0.181
1000,1000000,0.3732,997000,0.23
1000,1000000,0.3732,997500,0.264
1000,1000000,0.3732,998000,0.274
1000,1000000,0.3732,998500,0.278
1000,1000000,0.3732,999000,0.268
1000,1000000,0.3732,999500,0.312
